frame time,Number of lights
4.3992,0
4.8113,0
3.6103,0
4.0967,0
4.3509,0
4.0845,0
3.6758,0
4.0688,0
4.058,0
3.7607,0
3.8813,0
4.5769,0
3.3518,0
4.2232,0
4.2893,0
3.9236,0
3.8586,0
4.1248,0
3.7905,0
4.113,0
4.0074,0
3.6175,0
4.2887,0
3.9836,0
4.689,0
3.0173,0
4.6728,0
3.5619,0
4.2817,0
5.0703,0
3.112,0
4.3778,0
3.5127,0
4.7951,0
3.7348,0
4.8097,0
3.4975,0
4.6065,0
4.563,0
3.7448,0
4.1595,0
4.6072,0
4.3442,0
4.2189,0
4.3822,0
3.6113,0
3.7424,0
4.4391,0
3.6696,0
4.4981,0
3.9762,0
3.7106,0
4.1671,0
3.6533,0
4.58,0
3.3144,0
4.8338,0
3.3159,0
9.2395,0
1.6047,0
1.2858,0
3.8648,0
3.7143,0
4.6007,0
3.5893,0
4.3855,0
3.997,0
4.0351,0
3.6351,0
4.5492,0
3.8814,0
3.7641,0
4.0466,0
3.8966,0
4.2662,0
3.95,0
3.7744,0
4.208,0
3.921,0
4.0123,0
3.9815,0
5.1689,0
3.1927,0
3.7259,0
4.0292,0
4.0031,0
3.9771,0
3.8696,0
4.0914,0
3.9299,0
4.1357,0
4.0511,0
3.9497,0
4.1079,0
4.2924,0
3.8607,0
3.6692,0
4.152,0
4.7077,0
3.2739,0
4.2419,0
3.9003,0
4.062,0
4.5597,0
4.3735,0
3.716,0
4.0362,0
4.7715,0
4.1054,0
4.5053,0
4.3366,0
3.6557,0
3.998,0
3.7944,0
4.9582,0
2.8474,0
4.2729,0
3.7448,0
4.591,0
3.5736,0
4.3515,0
4.1938,0
4.0897,0
3.971,0
3.4768,0
4.1721,0
3.791,0
4.1728,0
3.6262,0
4.2387,0
4.0707,0
4.237,0
3.9484,0
3.9271,0
4.0832,0
4.1438,0
4.214,0
3.4617,0
4.6031,0
3.7814,0
3.5395,0
4.5835,0
3.4685,0
4.5978,0
3.4383,0
4.146,0
3.7753,0
4.6858,0
3.7329,0
3.9723,0
3.8229,0
4.2017,0
3.9626,0
3.8226,0
4.011,0
3.9075,0
4.0965,0
3.6024,0
4.2866,0
4.0628,0
4.5007,0
3.8507,0
3.6663,0
4.3664,0
4.8557,0
3.3041,0
3.7732,0
3.7014,0
4.3842,0
3.6262,0
4.0697,0
3.9465,0
4.2912,0
3.987,0
3.6753,0
4.2101,0
4.065,0
4.1763,0
3.8711,0
4.1018,0
3.9863,0
4.1027,0
4.101,0
3.5489,0
3.9904,0
4.2318,0
3.8519,0
4.0313,0
3.9144,0
5.5638,0
2.7825,0
4.0519,0
3.7357,0
3.9539,0
4.6091,0
4.2238,0
4.2915,0
4.4738,0
3.2382,0
4.2576,0
3.9462,0
4.246,0
3.6051,0
4.1137,0
4.0945,0
4.4765,0
3.6345,0
4.3369,0
3.4783,0
4.5278,0
3.7439,0
4.8255,0
2.9218,0
4.5217,0
3.7331,0
3.5267,0
3.8033,0
4.4968,0
4.1728,0
3.5633,0
4.7332,0
3.7032,0
4.0608,0
4.0902,0
3.8988,0
4.3137,0
4.0936,0
4.3148,0
4.131,0
4.5586,0
4.0052,0
3.7522,0
3.7641,0
4.2673,0
4.1218,0
4.4352,0
4.0919,0
4.6273,0
3.4092,0
5.6528,0
3.0658,0
4.189,0
3.4463,0
4.6604,0
4.5836,0
3.7881,0
3.7224,0
5.0231,0
4.6102,0
3.8197,0
4.7416,0
3.1101,0
3.874,0
4.1938,0
3.9809,0
3.9668,0
3.7553,0
3.9156,0
4.0148,0
4.3308,0
3.7718,0
4.2776,0
4.3775,0
3.7518,0
4.0875,0
4.0151,0
3.5541,0
4.817,0
3.4849,0
3.9208,0
4.1972,0
4.0866,0
3.3225,0
4.5249,0
4.5576,0
3.6196,0
4.0103,0
3.8478,0
3.9887,0
3.7936,0
5.0586,0
4.2557,0
4.1436,0
3.6048,0
4.3625,0
4.4512,0
3.31,0
3.9637,0
3.8114,0
4.5484,0
3.6322,0
3.8933,0
4.6371,0
3.3589,0
4.3241,0
3.7332,0
4.3079,0
3.499,0
4.465,0
3.7162,0
4.5154,0
3.9325,0
3.7955,0
4.2072,0
3.8345,0
3.8381,0
4.1404,0
4.105,0
3.6614,0
4.6427,0
3.6684,0
4.0727,0
3.9289,0
3.9172,0
4.1098,0
3.9409,0
3.7304,0
4.0833,0
4.4298,0
3.9049,0
3.7282,0
4.27,0
3.5256,0
4.3522,0
4.217,0
4.071,0
3.4879,0
4.2187,0
3.7528,0
4.4618,0
4.1583,0
3.6681,0
3.8111,0
4.4368,0
3.6464,0
3.9233,0
4.3606,0
4.1923,0
4.4628,0
4.4621,0
4.0262,0
3.7202,0
4.5241,0
3.6748,0
3.8186,0
4.2151,0
3.8463,0
3.9784,0
4.114,0
4.0161,0
4.1053,0
3.8945,0
3.8661,0
4.4601,0
3.846,0
4.0005,0
3.9077,0
3.9428,0
4.4892,0
3.1858,0
4.5468,0
3.9367,0
4.0537,0
3.4063,0
4.85,0
3.7092,0
4.5583,0
3.4492,0
3.8366,0
4.9058,0
3.3176,0
4.7679,0
4.0718,0
3.9436,0
3.9028,0
4.6592,0
4.0569,0
3.6565,0
3.9762,0
3.9288,0
3.951,0
4.1952,0
3.9102,0
4.2418,0
3.6585,0
4.0217,0
3.8572,0
4.8296,0
3.3926,0
3.8605,0
3.9369,0
4.1341,0
3.9616,0
3.9154,0
4.585,0
3.8978,0
4.0754,0
3.6966,0
3.7057,0
4.7587,0
3.3859,0
4.4415,0
3.9317,0
3.9035,0
4.9037,0
4.0443,0
3.833,0
4.0704,0
4.7081,0
4.5814,0
3.9433,0
4.2537,0
3.2649,0
4.7593,0
3.806,0
3.9295,0
4.3034,0
4.2887,0
4.0266,0
4.1821,0
4.7669,0
3.7445,0
3.8071,0
3.8982,0
3.7916,0
4.1633,0
4.101,0
3.6439,0
4.2252,0
3.8221,0
4.0955,0
4.1205,0
3.8098,0
3.9895,0
4.0167,0
4.2395,0
4.2512,0
3.9191,0
3.731,0
3.8118,0
4.5717,0
3.4394,0
4.3573,0
3.7295,0
4.4222,0
3.7258,0
3.9932,0
4.0669,0
3.8155,0
4.0775,0
3.94,0
4.8039,0
3.3763,0
3.9441,0
4.3283,0
3.9194,0
4.1684,0
3.8631,0
4.0978,0
3.9708,0
4.0672,0
3.9103,0
3.5035,0
4.5686,0
3.8145,0
4.3836,0
3.3338,0
4.7291,0
3.6341,0
4.3882,0
3.9724,0
3.8284,0
3.8641,0
4.0612,0
4.8984,0
4.3848,0
3.6913,0
3.8387,0
4.5861,0
4.1759,0
3.5251,0
4.5017,0
3.2922,0
4.3722,0
3.7925,0
3.9391,0
4.4474,0
3.5869,0
4.0399,0
3.9325,0
4.1135,0
3.85,0
4.2193,0
3.9495,0
4.3131,0
3.5244,0
4.1089,0
4.2548,0
3.811,0
4.3806,0
3.8077,1
4.5652,1
3.4809,1
4.0489,1
3.7144,1
4.0572,1
3.8979,1
4.2353,1
3.9883,1
4.1904,1
4.0943,1
4.0627,1
3.6153,1
4.0772,1
4.0929,1
3.977,1
4.0078,1
4.1176,1
3.8136,1
4.796,1
2.8003,1
4.4268,1
3.8353,1
4.2816,1
3.7066,1
4.294,1
3.933,1
4.0427,1
4.3184,1
3.8685,1
4.0611,1
3.6374,1
4.7015,1
3.3028,1
4.1514,1
4.1487,1
4.2912,1
3.6704,1
3.9646,1
4.3817,1
4.0459,1
3.0246,1
4.1531,1
4.0748,1
4.6667,1
3.2343,1
4.6845,1
3.7666,1
4.118,1
4.2068,1
4.3154,1
4.4912,1
4.3793,1
3.632,1
3.722,1
4.3006,1
4.0335,1
4.9528,1
4.2629,1
3.918,1
3.7159,1
4.5641,1
4.0444,1
4.7984,1
3.5035,1
4.8708,1
3.977,1
3.8844,1
4.5469,1
3.4882,1
4.4051,1
4.1334,1
3.8634,1
4.6748,1
4.4144,1
4.1137,1
3.744,1
4.6901,1
3.9281,1
4.7728,1
4.1123,1
3.9595,1
3.8844,1
3.9626,1
4.0068,1
4.3735,1
4.0238,1
3.9659,1
3.8891,1
4.0334,1
4.0106,1
3.9306,1
4.443,1
3.5318,1
3.9429,1
4.0171,1
3.9134,1
4.7651,1
3.666,1
3.2816,1
4.3283,1
4.1414,1
3.938,1
4.0205,1
4.2539,1
3.6461,1
4.0416,1
3.9053,1
4.0152,1
4.5172,1
3.7008,1
3.766,1
4.2462,1
4.0288,1
4.5107,1
4.2205,1
4.0662,1
4.0051,1
4.3558,1
4.0459,1
4.4088,1
3.4932,1
4.846,1
3.9207,1
3.9598,1
3.7916,1
4.8715,1
4.5059,1
4.0299,1
3.81,1
4.4143,1
3.8564,1
4.1292,1
3.9559,1
4.8467,1
3.6592,1
4.1902,1
4.1099,1
4.746,1
4.3376,1
4.0805,1
4.0136,1
3.9385,1
4.6535,1
3.4424,1
4.0502,1
4.9167,1
3.7803,1
4.265,1
4.1663,1
4.3438,1
3.3287,1
4.2377,1
3.8112,1
4.081,1
4.0748,1
4.2413,1
3.9097,1
3.8628,1
3.9964,1
4.0633,1
4.0067,1
4.0146,1
3.6853,1
4.4051,1
3.9292,1
4.1687,1
3.8985,1
3.8937,1
3.8642,1
4.6786,1
3.2811,1
4.235,1
3.9307,1
4.2148,1
4.0944,1
4.0762,1
3.8242,1
3.8606,1
5.0893,1
3.7261,1
4.3302,1
3.7318,1
4.5721,1
4.6743,1
3.8557,1
3.8556,1
4.6255,1
4.0474,1
4.7546,1
4.0426,1
3.6066,1
4.3041,1
4.1373,1
3.7402,1
4.7566,1
4.2962,1
4.0814,1
4.0189,1
3.7006,1
3.9663,1
4.2319,1
4.4271,1
3.5731,1
4.0035,1
3.9905,1
4.8302,1
3.2969,1
4.049,1
3.977,1
4.3609,1
3.6994,1
3.7983,1
3.9426,1
3.9707,1
4.0219,1
4.5276,1
3.5725,1
4.0486,1
4.102,1
3.8331,1
4.4772,1
3.538,1
4.5024,1
3.4989,1
4.0223,1
4.123,1
4.8289,1
3.61,1
3.9735,1
4.0944,1
4.5151,1
4.0557,1
4.3333,1
3.5828,1
3.9409,1
4.7265,1
4.6804,1
3.5128,1
3.9554,1
4.5965,1
3.8362,1
4.0704,1
3.7773,1
4.7971,1
4.3499,1
3.7439,1
3.991,1
4.9102,1
4.5205,1
3.8853,1
3.7894,1
4.3451,1
4.5953,1
3.3006,1
4.55,1
3.4095,1
4.3877,1
3.7012,1
4.1037,1
4.0635,1
3.8501,1
4.1119,1
3.8627,1
3.9546,1
4.2601,1
3.6895,1
4.6029,1
3.5534,1
3.6524,1
4.2827,1
3.8822,1
4.0107,1
3.8882,1
4.5038,1
3.8099,1
4.2839,1
3.2109,1
4.593,1
3.9916,1
3.8499,1
4.6684,1
4.3934,1
3.9266,1
4.5858,1
3.3473,1
4.0292,1
4.0869,1
4.6026,1
3.6806,1
4.0631,1
3.8504,1
4.1812,1
4.206,1
3.4854,1
4.052,1
4.1009,1
8.1224,1
1.2773,1
2.4064,1
4.3425,1
3.8266,1
4.6951,1
3.1944,1
4.1421,1
4.0923,1
3.7294,1
4.2051,1
4.1981,1
4.0024,1
3.4716,1
4.5979,1
3.7696,1
3.7366,1
4.8846,1
4.5762,1
4.0532,1
3.48,1
4.9763,1
4.3172,1
4.2531,1
4.1247,1
3.6736,1
4.0288,1
4.0421,1
3.9963,1
4.9323,1
4.3386,1
3.5121,1
4.1095,1
4.3894,1
3.9935,1
4.0527,1
4.2243,1
4.4895,1
3.8925,1
4.6714,1
4.0052,1
3.6993,1
4.0384,1
3.6331,1
4.1886,1
3.8467,1
4.4582,1
3.3626,1
4.737,1
3.6131,1
3.7794,1
4.1011,1
4.0545,1
4.0666,1
3.9851,1
4.6648,1
3.5296,1
3.7521,1
3.8882,1
4.1348,1
4.0067,1
4.3754,1
3.5115,1
41.0445,1
1.3374,1
1.6955,1
1.9658,1
4.6118,1
3.7793,1
3.7677,1
4.1991,1
4.8508,1
3.6533,1
4.6899,1
4.3853,1
3.2648,1
3.8364,1
4.0907,1
5.329,1
3.8199,1
4.2692,1
4.0445,1
3.6176,1
4.8659,1
3.8935,1
3.7496,1
5.0486,1
3.8653,1
4.0321,1
4.3344,1
4.2478,1
3.4487,1
3.3863,1
4.4772,1
4.0295,1
4.2412,1
3.7454,1
4.1091,1
3.8373,1
4.1769,1
4.0098,1
3.8663,1
3.9826,1
4.0573,1
3.9282,1
3.755,1
4.0196,1
4.2461,1
4.1981,1
3.6751,1
4.1265,1
4.1635,1
3.8469,1
4.1245,1
3.9769,1
4.3232,1
3.6292,1
3.7899,1
4.0602,1
4.04,1
4.0921,1
4.0865,1
3.9371,1
4.9175,1
3.1714,1
3.9373,1
3.9113,1
4.0692,1
4.0547,1
4.0041,1
3.9053,1
3.9583,1
4.2474,1
4.0345,1
4.0384,1
3.8635,1
4.2498,1
3.6341,1
4.2697,1
3.576,1
4.4677,1
3.6886,1
4.3007,1
3.7838,1
4.6294,1
4.7413,1
3.5141,1
3.9228,1
4.7148,1
2.953,1
4.7801,1
3.7842,1
5.0943,1
2.8073,1
4.2968,1
4.0186,1
4.0175,1
4.0624,1
3.9962,1
4.0778,1
4.0626,1
3.9466,1
3.9242,1
4.1434,1
4.0235,1
3.977,1
3.824,1
3.8644,1
4.0743,1
4.1609,1
4.0595,1
3.9647,1
3.6577,1
4.7942,1
3.0106,1
4.3701,1
3.8879,1
4.3691,1
3.894,1
3.8076,1
4.156,1
4.0056,1
4.0211,1
4.0913,1
3.9888,1
4.1886,1
3.8488,1
3.8009,1
3.9559,1
4.2561,1
4.1465,1
3.6859,1
3.9821,1
4.2099,1
4.2465,1
3.8717,1
3.8424,1
4.236,1
4.29,1
3.2838,1
4.2508,1
4.244,1
3.9675,1
3.5844,2
3.8531,2
4.0989,2
3.9251,2
4.8651,2
4.3409,2
4.1414,2
3.6301,2
4.7596,2
3.8516,2
4.0692,2
4.7333,2
3.3063,2
4.6783,2
4.5967,2
4.085,2
3.0479,2
4.1376,2
4.1243,2
4.4015,2
3.6891,2
4.0505,2
4.1913,2
3.6836,2
3.9152,2
4.2267,2
3.9707,2
3.6469,2
4.0918,2
4.1609,2
3.9727,2
3.9942,2
3.9025,2
4.1427,2
3.9744,2
4.2499,2
4.0473,2
3.7393,2
3.9626,2
4.4417,2
3.6215,2
4.5689,2
3.6526,2
4.138,2
4.0581,2
3.5532,2
4.1297,2
3.9827,2
4.2637,2
4.0773,2
3.8551,2
3.98,2
4.0015,2
4.153,2
3.8866,2
3.8058,2
4.0714,2
4.1749,2
3.8138,2
3.9586,2
4.0756,2
4.3399,2
3.6089,2
3.7109,2
4.0289,2
3.9562,2
7.1069,2
1.3289,2
3.8216,2
3.874,2
4.7923,2
4.1331,2
4.0563,2
4.337,2
3.3226,2
4.827,2
3.79,2
4.096,2
4.4512,2
3.5199,2
4.021,2
5.1129,2
3.5896,2
3.2391,2
4.2278,2
4.0881,2
4.1102,2
3.4931,2
4.0961,2
3.9782,2
4.2862,2
3.9213,2
3.9067,2
4.2391,2
4.0206,2
3.6471,2
4.0831,2
4.2612,2
3.9487,2
4.1809,2
4.0044,2
3.9333,2
5.2613,2
3.0331,2
4.7828,2
3.56,2
3.9728,2
4.5363,2
4.6652,2
4.0111,2
4.4778,2
3.6514,2
3.8107,2
4.2825,2
3.7342,2
4.8305,2
4.462,2
3.7165,2
3.9932,2
4.5773,2
3.6866,2
5.0769,2
4.2966,2
3.3528,2
4.1287,2
3.9896,2
4.0856,2
4.6699,2
4.1543,2
4.1553,2
4.2876,2
3.8115,2
4.2567,2
3.7541,2
3.832,2
4.3286,2
3.7727,2
4.0076,2
4.4885,2
3.8114,2
3.8175,2
3.984,2
3.934,2
4.1751,2
3.7238,2
3.9324,2
4.2416,2
3.999,2
4.0256,2
4.2246,2
3.9489,2
4.1602,2
3.4488,2
4.025,2
4.2365,2
4.2853,2
3.8475,2
3.9886,2
3.981,2
4.008,2
5.0808,2
3.7514,2
4.0507,2
4.0777,2
5.1751,2
3.6985,2
4.067,2
4.1041,2
4.4809,2
3.7406,2
4.9312,2
4.1089,2
3.8585,2
4.0114,2
4.0199,2
3.7707,2
4.8578,2
3.8687,2
4.0096,2
3.9054,2
4.3928,2
4.2364,2
4.075,2
4.0575,2
3.6469,2
4.073,2
4.5927,2
4.6106,2
2.7742,2
4.161,2
4.0439,2
4.07,2
4.0335,2
3.8902,2
4.4905,2
3.8198,2
3.955,2
3.8532,2
4.0448,2
3.895,2
4.0583,2
4.1195,2
3.9766,2
3.9785,2
4.1128,2
3.772,2
3.9382,2
3.8729,2
4.5122,2
3.9057,2
4.0722,2
3.6418,2
4.6236,2
3.9764,2
3.378,2
3.9991,2
5.2362,2
3.0004,2
3.7321,2
4.0251,2
4.2332,2
4.1734,2
3.7577,2
4.0382,2
4.3876,2
3.5773,2
3.91,2
3.8579,2
4.1253,2
4.3347,2
3.9878,2
3.9358,2
4.3546,2
4.1824,2
3.1924,2
4.2377,2
3.9564,2
4.1125,2
3.6497,2
4.4954,2
3.9163,2
3.7564,2
4.3591,2
3.9833,2
3.8528,2
4.5937,2
3.5551,2
3.897,2
4.3405,2
3.6156,2
3.9453,2
4.352,2
4.1223,2
3.3342,2
4.4041,2
4.1474,2
3.9405,2
3.6403,2
3.959,2
4.629,2
4.542,2
3.3908,2
4.4005,2
3.6998,2
4.1399,2
3.3668,2
5.0978,2
3.1589,2
3.9982,2
4.1689,2
3.944,2
3.916,2
3.9635,2
4.2249,2
4.0136,2
3.9407,2
3.6656,2
4.1527,2
4.1959,2
3.9899,2
3.9901,2
4.2581,2
3.9856,2
3.9508,2
3.6672,2
3.7133,2
4.4198,2
3.6583,2
4.9975,2
3.6902,2
3.9124,2
3.8539,2
3.5518,2
4.3948,2
3.9587,2
4.0302,2
3.8173,2
3.9607,2
4.0586,2
4.0331,2
4.2533,2
3.6189,2
4.1061,2
4.0149,2
4.3087,2
3.7008,2
4.089,2
3.9894,2
4.4857,2
3.7398,2
4.0042,2
3.8456,2
4.2211,2
4.1247,2
4.2045,2
3.8767,2
3.7798,2
4.2889,2
4.5701,2
3.9042,2
3.9864,2
4.6851,2
4.4611,2
4.2613,2
4.1443,2
3.9474,2
3.5307,2
4.2438,2
3.7746,2
4.7672,2
4.5458,2
3.7072,2
4.0834,2
4.6259,2
4.3498,2
4.0876,2
4.3714,2
3.7246,2
4.1601,2
3.7226,2
3.9461,2
4.8084,2
4.336,2
3.9573,2
4.8886,2
2.7577,2
4.7808,2
3.4818,2
4.7006,2
3.9929,2
3.8397,2
3.6073,2
4.2459,2
3.9639,2
3.9222,2
4.0242,2
4.0054,2
4.2061,2
3.8336,2
3.8387,2
4.0325,2
4.117,2
3.425,2
4.7543,2
3.4733,2
4.6301,2
3.2063,2
4.6899,2
3.7948,2
4.6668,2
3.5343,2
4.0044,2
3.9391,2
4.2465,2
4.356,2
4.4238,2
3.8374,2
3.8805,2
4.5361,2
3.9976,2
3.8858,2
3.8193,2
4.0476,2
4.013,2
3.9395,2
4.0487,2
4.279,2
3.7644,2
4.1504,2
3.8944,2
4.0553,2
3.7015,2
3.9039,2
4.2837,2
3.9785,2
4.0704,2
3.9136,2
3.984,2
4.382,2
3.7529,2
3.8987,2
6.0007,2
1.811,2
4.2774,2
3.7374,2
4.0753,2
4.0338,2
4.8184,2
4.0744,2
4.5654,2
3.5797,2
4.7568,2
4.5537,2
3.6705,2
4.0842,2
4.5255,2
3.9841,2
4.1473,2
3.8151,2
4.6084,2
4.2494,2
3.7338,2
4.4603,2
3.2883,2
4.461,2
3.9418,2
3.9233,2
4.4547,2
3.6353,2
3.9064,2
5.0997,2
3.29,2
3.7601,2
4.0208,2
4.3031,2
3.9112,2
3.5585,2
4.3005,2
4.0112,2
4.5865,2
2.9359,2
4.4809,2
4.1207,2
3.9936,2
4.027,2
4.2026,2
3.5097,2
4.2734,2
3.5628,2
4.6026,2
3.8557,2
4.0497,2
3.7956,2
3.981,2
4.2007,2
3.9472,2
4.2159,2
4.082,2
4.0902,2
5.036,2
2.8748,2
3.9165,2
4.1513,2
3.8828,2
4.073,2
3.7039,2
4.1224,2
4.579,2
3.8989,2
3.3192,2
4.0566,2
5.1748,2
3.2515,2
3.6903,2
4.1107,2
4.032,2
3.977,2
3.9434,2
3.9235,2
4.0446,2
4.6567,2
3.3519,2
4.2114,2
3.7518,2
3.9886,2
4.4658,2
3.7733,2
4.0953,2
3.9889,2
3.9493,2
3.8416,2
4.2687,2
3.8688,2
4.1159,2
3.8751,2
3.9251,2
3.8718,2
4.3912,2
3.2725,2
4.8486,2
3.9542,4
4.3611,4
4.0951,4
4.3955,4
3.9342,4
3.6833,4
4.308,4
3.9333,4
4.1936,4
3.9024,4
3.6634,4
4.1661,4
3.5931,4
4.61,4
3.7126,4
4.0039,4
3.6854,4
4.081,4
4.4803,4
4.0218,4
4.0616,4
5.1208,4
2.643,4
4.0787,4
4.0494,4
3.957,4
4.0578,4
4.1293,4
3.9948,4
3.7773,4
3.8927,4
3.909,4
4.4046,4
3.6,4
4.2617,4
3.9376,4
3.9148,4
4.09,4
4.3001,4
3.7536,4
3.9713,4
3.9805,4
3.8417,4
4.5577,4
4.1723,4
4.0389,4
3.7904,4
4.8557,4
4.984,4
3.0502,4
4.3816,4
3.1872,4
4.5615,4
3.6727,4
4.5653,4
3.2277,4
4.0293,4
4.1761,4
4.1594,4
3.8495,4
3.9476,4
4.3568,4
3.6249,4
4.174,4
3.8837,4
4.0464,4
4.1804,4
4.0122,4
3.8493,4
4.0454,4
4.0382,4
4.5861,4
3.8884,4
3.4187,4
4.2293,4
3.9267,4
4.4742,4
4.5272,4
3.8862,4
4.5135,4
3.5057,4
4.2357,4
4.0487,4
4.0563,4
4.244,4
4.1165,4
4.1748,4
4.0501,4
4.7504,4
3.9251,4
3.8086,4
4.1461,4
4.0078,4
4.0749,4
4.047,4
3.8093,4
3.8497,4
3.5834,4
4.1525,4
4.1154,4
4.0641,4
3.7952,4
4.1347,4
3.8097,4
4.041,4
3.8609,4
4.8013,4
3.6568,4
3.9577,4
3.5837,4
4.7044,4
3.7546,4
4.5587,4
3.0565,4
4.2996,4
3.7153,4
4.3635,4
4.1773,4
3.7731,4
4.492,4
3.6809,4
3.8722,4
3.9565,4
4.2994,4
3.654,4
3.9202,4
4.5319,4
3.7145,4
4.0067,4
3.9541,4
3.755,4
4.0346,4
3.8714,4
4.1838,4
4.0388,4
3.8322,4
4.1622,4
4.3738,4
3.1382,4
4.487,4
4.308,4
4.0125,4
5.277,4
3.8809,4
3.8172,4
4.1976,4
4.4828,4
4.0734,4
3.9771,4
3.8439,4
4.2087,4
4.1565,4
4.0302,4
4.0567,4
4.5903,4
3.9012,4
6.0935,4
2.2934,4
4.3388,4
3.9454,4
4.496,4
3.4033,4
4.62,4
4.4992,4
3.8293,4
3.8159,4
4.8354,4
4.0136,4
4.4187,4
4.5176,4
3.7092,4
4.0578,4
3.971,4
3.8746,4
4.5107,4
4.4997,4
7.388,4
1.8916,4
2.8396,4
4.1667,4
4.1122,4
3.8985,4
4.4481,4
4.331,4
4.2504,4
4.0416,4
3.5682,4
4.2613,4
4.1609,4
3.9039,4
4.1018,4
4.3896,4
4.0965,4
4.0186,4
3.5978,4
3.85,4
4.089,4
3.9175,4
3.9823,4
3.9824,4
3.8825,4
4.1491,4
4.0366,4
4.1874,4
3.6416,4
4.1083,4
4.2496,4
3.6942,4
4.1088,4
3.9831,4
3.9089,4
4.7445,4
4.3032,4
4.0697,4
4.2029,4
3.2644,4
4.8974,4
3.6168,4
3.9467,4
4.3832,4
4.3444,4
4.5561,4
4.3754,4
3.0381,4
4.1333,4
4.533,4
3.5157,4
4.7511,4
4.5636,4
4.072,4
3.9302,4
4.7661,4
4.3183,4
3.8287,4
4.3409,4
3.6523,4
4.0052,4
4.0609,4
5.2067,4
4.181,4
3.5575,4
4.1418,4
4.6657,4
3.3098,4
4.0924,4
4.0054,4
4.2122,4
3.8066,4
4.3971,4
3.7216,4
5.0907,4
2.8919,4
3.9108,4
4.0462,4
4.1398,4
4.0244,4
4.017,4
3.9226,4
4.1206,4
3.9832,4
3.7958,4
3.9224,4
4.2343,4
4.0911,4
3.8414,4
4.6294,4
3.167,4
4.4944,4
4.0373,4
3.6452,4
4.1423,4
3.6894,4
4.8942,4
4.1832,4
4.2118,4
3.9537,4
5.4872,4
3.4366,4
4.0341,4
3.8898,4
4.8739,4
3.8228,4
3.8357,4
3.9409,4
4.2848,4
4.3554,4
4.1308,4
3.9058,4
4.9871,4
3.9352,4
4.0786,4
4.5499,4
3.2187,4
4.4388,4
4.0929,4
4.4024,4
3.4362,4
3.9917,4
3.8789,4
5.4272,4
2.6578,4
4.0453,4
4.056,4
4.0147,4
3.9777,4
3.9952,4
4.5544,4
3.6458,4
3.8849,4
4.1541,4
3.9214,4
3.9855,4
4.0024,4
4.24,4
3.7805,4
4.0776,4
4.0298,4
3.9398,4
4.0324,4
3.7024,4
4.725,4
2.9886,4
4.0708,4
4.369,4
4.0215,4
4.1302,4
3.8863,4
3.9766,4
4.2445,4
3.8953,4
4.0738,4
4.0568,4
3.9984,4
4.0417,4
4.3976,4
3.6053,4
3.9975,4
4.631,4
3.4451,4
3.9545,4
4.0313,4
4.0037,4
4.2074,4
3.7658,4
4.1161,4
4.0998,4
3.9375,4
3.5724,4
4.2501,4
3.8299,4
4.5919,4
4.5946,4
3.9967,4
3.7218,4
4.9085,4
4.3551,4
4.0508,4
3.9127,4
4.6907,4
4.6472,4
3.5679,4
4.5201,4
3.5013,4
4.1005,4
3.9615,4
3.9554,4
4.787,4
3.8658,4
4.4802,4
4.6692,4
3.5846,4
4.2963,4
4.055,4
4.0921,4
3.2441,4
4.1931,4
4.1503,4
3.8775,4
4.188,4
3.9602,4
4.0733,4
3.9783,4
4.1795,4
4.0276,4
3.9796,4
4.1796,4
3.5232,4
4.0705,4
3.9348,4
3.8309,4
4.0558,4
4.1279,4
3.914,4
3.965,4
4.4186,4
3.6826,4
4.2126,4
3.7264,4
3.921,4
4.6249,4
3.9583,4
4.6106,4
4.2673,4
4.5414,4
3.257,4
4.4612,4
3.3014,4
5.3612,4
3.9754,4
4.2961,4
3.5264,4
4.513,4
3.7525,4
3.9356,4
3.8503,4
4.3917,4
4.0636,4
3.6182,4
4.6305,4
3.3182,4
3.9978,4
4.2031,4
4.0821,4
4.183,4
3.6021,4
4.0913,4
4.0412,4
4.1539,4
3.9447,4
3.8997,4
4.2809,4
4.0545,4
3.7262,4
3.9689,4
4.0606,4
4.3856,4
3.5302,4
4.0734,4
3.9222,4
3.7954,4
4.8477,4
4.2344,4
4.1025,4
3.8688,4
4.5904,4
3.725,4
4.3052,4
3.6739,4
3.8429,4
4.2584,4
3.6082,4
4.6763,4
3.4966,4
3.9714,4
4.069,4
3.9849,4
3.9907,4
4.0043,4
4.1791,4
4.0338,4
4.1567,4
4.0129,4
3.853,4
4.0551,4
4.2652,4
3.7687,4
3.8267,4
4.0254,4
4.6288,4
3.2543,4
4.2176,4
3.8244,4
3.9296,4
4.6176,4
4.7032,4
3.7904,4
3.9386,4
5.0643,4
4.1453,4
4.217,4
3.6812,4
4.7693,4
3.7115,4
4.2357,4
3.7419,4
4.5942,4
4.0884,4
4.1031,4
3.735,4
4.6147,4
4.1736,4
4.2131,4
3.8707,4
3.5514,4
4.2226,4
3.7933,4
4.8425,4
3.4386,4
3.8647,4
4.0328,4
4.0373,8
3.9122,8
4.3363,8
4.6089,8
4.1052,8
3.9573,8
4.7551,8
3.7391,8
4.6129,8
4.3044,8
3.6246,8
4.1954,8
3.6294,8
3.9411,8
4.9163,8
4.5314,8
3.8456,8
4.0566,8
4.3299,8
3.8501,8
4.0319,8
4.1718,8
4.6363,8
3.7972,8
4.0846,8
4.8346,8
3.3377,8
3.9984,8
4.4713,8
3.8929,8
3.5813,8
4.1635,8
4.1955,8
3.9808,8
4.1011,8
3.8843,8
3.903,8
4.1667,8
3.8702,8
3.6601,8
4.1181,8
4.0426,8
4.095,8
3.8857,8
13.0881,8
1.1163,8
1.1673,8
2.3156,8
4.328,8
3.8654,8
4.075,8
3.9643,8
4.2922,8
3.7988,8
4.1347,8
4.3798,8
3.7708,8
3.8484,8
4.3871,8
3.7015,8
3.9536,8
3.8822,8
3.8829,8
4.6683,8
3.9725,8
3.9964,8
3.8345,8
3.7554,8
3.9587,8
4.0387,8
4.9346,8
3.1025,8
4.0807,8
4.0053,8
4.0173,8
4.3047,8
3.6331,8
4.1978,8
3.8936,8
4.2484,8
3.7177,8
3.7761,8
4.0702,8
4.3124,8
3.6905,8
4.4251,8
3.642,8
4.7099,8
3.3699,8
4.0112,8
4.2294,8
3.8608,8
4.6359,8
4.5096,8
3.6408,8
3.9657,8
4.5532,8
4.0385,8
3.9449,8
4.1575,8
3.769,8
3.9856,8
4.0391,8
4.1262,8
3.9422,8
4.0487,8
3.7222,8
3.9381,8
4.0361,8
3.94,8
4.1663,8
3.9724,8
4.1811,8
3.8784,8
4.1522,8
3.8377,8
4.461,8
3.942,8
3.6022,8
4.1301,8
4.0008,8
4.0319,8
3.9617,8
3.9549,8
3.8364,8
4.6132,8
4.6898,8
3.7581,8
3.9138,8
4.8381,8
4.4494,8
3.8249,8
3.8684,8
4.6406,8
3.7935,8
4.0208,8
4.0076,8
4.487,8
4.0805,8
4.0804,8
4.0822,8
4.5927,8
4.07,8
4.5057,8
4.597,8
3.2524,8
3.9763,8
4.2694,8
3.8593,8
4.512,8
4.4818,8
4.0099,8
3.8122,8
4.5896,8
4.0472,8
3.9087,8
4.5103,8
4.5698,8
4.0961,8
4.1086,8
4.8259,8
3.7002,8
4.1623,8
4.0663,8
3.9191,8
3.9013,8
4.4249,8
3.6832,8
4.1361,8
4.4323,8
4.1949,8
4.1617,8
3.8884,8
4.8263,8
4.532,8
3.6106,8
4.699,8
3.6257,8
3.6717,8
4.0714,8
4.2198,8
4.8185,8
4.2415,8
3.883,8
3.9166,8
4.4738,8
4.731,8
3.5662,8
4.552,8
3.763,8
3.9839,8
3.8422,8
3.9456,8
5.1396,8
3.7041,8
4.6396,8
3.7401,8
4.1546,8
4.0219,8
4.0528,8
4.0654,8
4.4707,8
4.3877,8
3.8072,8
4.08,8
4.4978,8
4.0615,8
4.1436,8
4.3894,8
4.4329,8
4.1488,8
4.5118,8
4.1267,8
3.38,8
4.0401,8
4.6095,8
3.6054,8
4.481,8
3.9239,8
4.0519,8
3.8907,8
3.8507,8
3.9453,8
4.0225,8
4.0776,8
4.3656,8
3.9322,8
3.9509,8
3.6227,8
4.6626,8
3.3261,8
4.2537,8
3.6561,8
4.5411,8
3.5003,8
4.3335,8
3.683,8
4.6158,8
3.3062,8
4.6851,8
3.5167,8
4.5192,8
3.8112,8
3.8517,8
4.2787,8
3.7629,8
4.4733,8
4.2285,8
4.0251,8
4.2342,8
4.7462,8
4.4685,8
4.0159,8
4.5356,8
3.3497,8
4.0518,8
4.1552,8
3.8286,8
4.8917,8
4.0939,8
3.9825,8
4.1662,8
4.4836,8
4.3988,8
4.0645,8
4.3795,8
3.6274,8
3.8414,8
4.003,8
4.7195,8
3.4865,8
4.0237,8
3.9476,8
4.5908,8
3.478,8
4.053,8
3.9922,8
4.4006,8
3.9101,8
3.6525,8
4.2254,8
3.9403,8
4.2373,8
8.0023,8
1.5512,8
1.6598,8
4.1822,8
4.4799,8
3.6588,8
3.9824,8
4.5003,8
3.8465,8
3.6744,8
4.0206,8
3.9934,8
4.7972,8
3.903,8
3.979,8
4.1324,8
3.7577,8
3.462,8
4.2125,8
4.4386,8
3.7584,8
3.9547,8
3.9525,8
4.3578,8
3.5107,8
4.161,8
4.1191,8
3.8547,8
4.0612,8
4.2804,8
3.4273,8
4.0832,8
4.3271,8
3.683,8
4.0104,8
4.3923,8
4.2883,8
3.0883,8
4.3913,8
4.0611,8
4.2046,8
3.6721,8
4.4084,8
3.8443,8
4.5379,8
3.5735,8
3.7707,8
4.015,8
4.5924,8
3.3168,8
4.2758,8
3.8343,8
4.0241,8
4.0728,8
3.9419,8
3.8768,8
3.8998,8
4.5545,8
3.5176,8
4.0828,8
4.1673,8
4.2164,8
3.5483,8
4.085,8
4.0504,8
3.9431,8
4.0204,8
3.9754,8
4.2628,8
3.9208,8
4.0416,8
4.0715,8
3.9443,8
4.0305,8
4.108,8
3.7872,8
4.0672,8
4.0868,8
4.1203,8
3.8047,8
4.2053,8
3.7831,8
4.1166,8
4.1257,8
3.662,8
4.0805,8
4.41,8
3.6555,8
3.8474,8
4.0895,8
3.8825,8
5.1224,8
4.0995,8
3.869,8
4.3921,8
3.7749,8
3.9214,8
3.8776,8
4.0553,8
3.9812,8
3.9945,8
3.9493,8
4.1686,8
4.2176,8
3.789,8
3.8269,8
4.1226,8
4.1758,8
4.0545,8
4.0076,8
3.7826,8
4.0527,8
3.7898,8
4.0196,8
4.0815,8
4.5506,8
3.9654,8
3.8618,8
3.9485,8
4.2885,8
3.813,8
3.8835,8
4.0907,8
3.6631,8
5.0113,8
4.0073,8
4.6062,8
3.5324,8
4.6522,8
4.0964,8
4.0791,8
3.7654,8
4.566,8
3.9888,8
4.0411,8
3.8958,8
4.9385,8
4.5095,8
3.6645,8
4.315,8
3.5737,8
4.2267,8
3.8765,8
3.9318,8
4.9464,8
4.1552,8
4.0014,8
4.5645,8
3.4746,8
3.9929,8
4.0561,8
4.0764,8
3.9449,8
3.897,8
4.2767,8
4.3491,8
3.4238,8
4.1936,8
4.2713,8
3.7732,8
3.9827,8
3.9896,8
4.3931,8
3.9395,8
3.854,8
3.9869,8
3.7741,8
4.0566,8
4.3583,8
3.5782,8
4.4315,8
3.5838,8
4.509,8
3.9111,8
3.5744,8
4.1367,8
3.9177,8
4.6442,8
3.9763,8
4.77,8
3.5213,8
4.684,8
4.4686,8
4.0266,8
4.4253,8
3.5208,8
4.5618,8
3.638,8
4.0003,8
4.5421,8
4.4964,8
3.752,8
3.8469,8
4.9688,8
3.6524,8
4.9767,8
3.3327,8
5.019,8
3.8253,8
4.5763,8
3.9128,8
3.9518,8
4.1296,8
3.9471,8
3.9171,8
4.5292,8
4.0602,8
4.0538,8
4.0231,8
4.9433,8
4.8892,8
3.7461,8
4.1259,8
3.8443,8
3.9064,8
4.0011,8
4.2258,8
4.2552,16
4.0046,16
4.3653,16
4.4058,16
3.9981,16
4.245,16
4.5072,16
4.2179,16
4.1948,16
4.25,16
4.2643,16
4.6474,16
3.7659,16
5.2826,16
2.7122,16
4.1988,16
3.9849,16
4.2293,16
4.168,16
4.4404,16
4.0365,16
4.1077,16
4.1639,16
3.9926,16
4.5875,16
3.8135,16
4.0783,16
4.2234,16
4.0831,16
4.2907,16
4.2051,16
4.4951,16
4.0899,16
4.0766,16
3.9842,16
4.2177,16
3.9826,16
4.8278,16
3.9585,16
4.3131,16
4.4903,16
4.316,16
3.8356,16
4.0081,16
4.2806,16
3.934,16
4.1759,16
3.8292,16
4.4612,16
4.3355,16
4.0586,16
3.937,16
4.0913,16
4.447,16
4.1197,16
3.7608,16
5.6655,16
2.8852,16
4.1569,16
4.0508,16
4.3786,16
4.5602,16
4.1251,16
3.8924,16
4.0555,16
4.105,16
4.4302,16
3.9039,16
4.4394,16
4.1911,16
4.2082,16
4.07,16
4.754,16
3.983,16
4.5029,16
3.9133,16
4.2915,16
3.8933,16
4.5944,16
3.6357,16
4.2396,16
4.2098,16
4.3193,16
4.2431,16
4.2748,16
3.7324,16
4.5889,16
3.9651,16
3.9203,16
4.5035,16
4.2014,16
4.2614,16
3.7766,16
4.3648,16
4.0392,16
3.9163,16
4.0465,16
4.2751,16
4.2396,16
3.9611,16
3.7189,16
4.722,16
4.0556,16
3.7639,16
4.1905,16
5.5786,16
3.1852,16
4.0424,16
4.0776,16
4.3505,16
4.2284,16
3.9987,16
4.3696,16
4.4462,16
3.7859,16
4.0478,16
4.5453,16
4.4675,16
4.0352,16
4.1116,16
4.1989,16
4.0944,16
4.4857,16
4.145,16
4.0623,16
4.1671,16
3.9541,16
4.2178,16
4.5227,16
3.8163,16
4.3196,16
4.2022,16
3.9831,16
4.0644,16
4.6428,16
3.9134,16
4.1335,16
4.7387,16
3.7364,16
4.4909,16
4.3319,16
4.0943,16
4.3007,16
3.8642,16
4.3558,16
4.1027,16
4.2799,16
3.9073,16
4.2316,16
4.5465,16
3.9818,16
4.0775,16
4.2428,16
4.5915,16
4.0759,16
4.0272,16
4.4113,16
4.1022,16
4.0258,16
4.3033,16
4.0788,16
5.0028,16
3.5159,16
3.9943,16
4.9429,16
3.7765,16
4.1705,16
4.1609,16
4.2369,16
5.0605,16
3.3655,16
4.0067,16
4.322,16
4.0028,16
4.4758,16
4.3254,16
4.0869,16
4.0758,16
3.9338,16
4.715,16
3.7958,16
4.4005,16
3.8476,16
4.2587,16
4.2362,16
4.5939,16
4.0647,16
3.978,16
4.1247,16
4.1577,16
4.0931,16
4.3012,16
4.4051,16
3.8473,16
4.7397,16
4.3618,16
4.0178,16
4.2706,16
4.3268,16
4.7519,16
3.9079,16
4.1793,16
3.7805,16
4.3703,16
3.9331,16
4.488,16
4.2112,16
4.4401,16
3.9508,16
4.2812,16
3.6541,16
4.8095,16
3.6831,16
4.582,16
3.7321,16
4.1958,16
4.0745,16
4.4216,16
3.6815,16
4.6389,16
3.6764,16
4.799,16
3.7705,16
4.2233,16
4.5703,16
4.2944,16
3.7253,16
4.1866,16
4.0945,16
4.4889,16
3.9352,16
4.2365,16
3.9302,16
4.5089,16
3.7495,16
4.2539,16
4.2626,16
4.606,16
3.8,16
4.2233,16
4.0666,16
4.6197,16
4.0703,16
3.9086,16
4.1683,16
4.3175,16
4.3473,16
3.6719,16
4.5801,16
4.267,16
4.2611,16
3.6238,16
4.0958,16
4.4764,16
4.0461,16
4.3444,16
4.0217,16
4.3994,16
4.121,16
4.0838,16
4.6594,16
3.7449,16
4.2892,16
3.792,16
4.1408,16
4.0202,16
4.4055,16
4.1916,16
4.0817,16
4.5173,16
3.8443,16
4.2459,16
4.3085,16
4.4615,16
4.0106,16
4.1788,16
3.5032,16
4.6673,16
3.6993,16
4.2332,16
4.0222,16
3.9083,16
4.3009,16
4.3977,16
4.5673,16
3.4695,16
4.2381,16
4.1212,16
5.677,16
3.1809,16
3.8437,16
4.0022,16
4.0861,16
4.0894,16
4.2005,16
4.8176,16
3.481,16
4.3352,16
4.327,16
4.7267,16
4.4868,16
3.8549,16
3.7587,16
3.9555,16
3.881,16
4.0951,16
4.2042,16
4.5052,16
4.0337,16
4.0379,16
4.5135,16
4.0814,16
4.2929,16
4.5035,16
3.6629,16
4.2247,16
4.1021,16
4.4238,16
3.9267,16
4.1447,16
4.6568,16
4.3477,16
3.5961,16
4.084,16
4.0882,16
4.7724,16
3.4751,16
4.1571,16
4.0859,16
3.8897,16
4.9711,16
4.0186,16
4.5,16
4.5581,16
3.612,16
4.4501,16
4.0914,16
4.5252,16
3.7483,16
4.2439,16
4.4311,16
4.5037,16
3.5116,16
4.0468,16
4.0044,16
4.5535,16
3.6926,16
4.6188,16
4.0715,16
4.2852,16
4.0846,16
4.537,16
3.7836,16
4.2476,16
3.9123,16
4.5614,16
3.9177,16
4.3747,16
3.61,16
4.2646,16
4.4117,16
4.5776,16
3.8128,16
4.1203,16
4.0291,16
4.4792,16
3.9063,16
4.2046,16
4.5208,16
4.0488,16
4.327,16
3.8975,16
4.7381,16
3.9091,16
4.0502,16
4.3975,16
3.7312,16
4.3751,16
3.8773,16
4.3212,16
4.4361,16
3.8844,16
3.945,16
3.948,16
3.9414,16
4.5082,16
4.0274,16
4.3983,16
3.6723,16
3.9895,16
4.4822,16
4.1032,16
3.8349,16
4.2746,16
4.4203,16
3.8186,16
4.8431,16
4.4056,16
3.6039,16
4.1928,16
4.7772,16
4.2193,16
3.8221,16
4.497,16
4.648,16
3.8068,16
4.1155,16
4.5867,16
3.9784,16
4.3173,16
3.9597,16
3.9777,16
4.2007,16
4.0337,16
4.1188,16
4.4461,16
4.179,16
4.6283,16
3.3956,16
4.0962,16
4.1388,16
4.3071,16
4.5405,16
3.7771,16
3.7622,16
4.5044,16
4.0627,16
4.2386,16
4.2073,16
4.1392,16
4.0421,16
4.4295,16
4.0098,16
4.6077,16
4.0215,16
4.2156,16
4.2316,16
4.1805,16
4.2724,16
4.2727,16
4.357,16
3.7492,16
4.3767,16
3.5939,16
4.0632,16
4.0676,16
4.2987,16
4.2935,16
4.4552,16
3.9083,16
4.0719,16
3.8703,16
4.318,16
4.4234,16
3.9674,16
4.1131,16
4.0109,16
4.5614,16
3.4394,16
4.3013,16
4.2004,16
4.5202,16
3.7028,16
4.5184,16
4.3799,16
4.2201,16
4.3742,16
3.9761,16
4.128,16
4.2829,16
4.1046,16
3.8284,16
3.9487,16
4.5375,16
4.0619,16
3.8629,16
4.7973,16
4.2324,16
3.9909,16
4.2835,16
4.3502,16
4.1879,16
4.0604,16
4.0218,16
4.4185,16
4.2627,16
4.2124,16
3.9862,16
4.2223,16
4.4307,16
4.3404,16
4.3935,16
4.594,16
3.3949,16
3.9124,16
4.9431,16
3.7807,16
3.7827,16
4.3013,16
4.2609,16
4.4572,32
5.0196,32
5.0789,32
5.1044,32
4.1296,32
4.8394,32
5.0674,32
4.367,32
4.8817,32
4.7287,32
4.6393,32
4.8363,32
4.8913,32
4.9982,32
4.2467,32
4.7931,32
4.5982,32
4.8254,32
4.7299,32
4.9003,32
4.7738,32
4.682,32
5.3292,32
4.8478,32
5.0496,32
4.1317,32
4.9498,32
4.7756,32
4.827,32
4.4717,32
4.9318,32
5.2193,32
4.6344,32
5.0335,32
5.414,32
4.7024,32
4.9573,32
4.9871,32
4.6677,32
4.6207,32
4.6767,32
5.3193,32
4.6548,32
4.4688,32
4.599,32
4.7558,32
4.5431,32
5.1207,32
4.5855,32
5.0086,32
4.4612,32
4.7024,32
4.768,32
4.7967,32
4.445,32
5.6422,32
3.8772,32
5.0096,32
4.6547,32
5.0712,32
4.9267,32
5.006,32
4.2151,32
4.8722,32
5.1435,32
4.606,32
4.6973,32
4.6373,32
4.8527,32
4.2827,32
4.8991,32
4.8172,32
5.0398,32
4.4731,32
4.6776,32
4.9154,32
5.611,32
4.2533,32
4.9963,32
4.9503,32
4.8562,32
4.3785,32
5.1814,32
4.2668,32
4.9409,32
4.7478,32
4.4879,32
4.792,32
4.4135,32
4.5608,32
5.0736,32
4.0338,32
4.7132,32
4.4075,32
5.2748,32
4.4547,32
4.6745,32
4.4942,32
5.0315,32
4.5767,32
4.7762,32
5.247,32
4.1583,32
4.8369,32
5.3171,32
4.6575,32
5.1341,32
5.2088,32
4.4371,32
4.4449,32
5.0135,32
5.4428,32
3.9752,32
4.8603,32
4.5972,32
4.5755,32
4.8406,32
4.8645,32
4.8134,32
4.5748,32
4.4617,32
4.6447,32
4.6099,32
4.7283,32
5.0117,32
5.0269,32
4.8796,32
5.1197,32
3.9748,32
5.0594,32
4.5039,32
5.2121,32
4.5552,32
4.7074,32
5.1768,32
4.8033,32
4.6278,32
4.8684,32
5.0011,32
4.7234,32
4.8146,32
4.7996,32
4.4947,32
4.7543,32
5.7279,32
4.0592,32
5.4161,32
4.6592,32
5.3532,32
4.0259,32
4.8577,32
5.1739,32
4.4058,32
4.8047,32
4.384,32
5.2194,32
5.0915,32
4.4735,32
4.8556,32
4.5752,32
4.7717,32
5.4949,32
4.221,32
5.0608,32
5.1199,32
4.5874,32
4.9754,32
4.9976,32
4.525,32
4.6711,32
4.7285,32
5.0331,32
5.0421,32
5.0469,32
4.6309,32
4.3591,32
5.0667,32
4.624,32
4.6164,32
4.4337,32
4.959,32
4.3254,32
5.0014,32
5.0701,32
4.3244,32
4.7181,32
4.7766,32
4.6609,32
4.5229,32
4.9769,32
4.8219,32
4.6768,32
4.2015,32
5.2634,32
5.0123,32
5.0222,32
4.5963,32
4.7305,32
4.7645,32
5.1337,32
4.3803,32
5.0674,32
4.6584,32
4.2023,32
4.9263,32
4.7247,32
4.7469,32
5.3541,32
4.89,32
4.8914,32
4.5003,32
4.7475,32
5.1618,32
4.3394,32
4.4148,32
5.2174,32
4.6197,32
4.6209,32
4.8207,32
5.6377,32
4.2294,32
4.7651,32
4.6275,32
4.7496,32
4.4767,32
4.3403,32
4.6985,32
5.4135,32
4.9111,32
4.5877,32
4.9357,32
4.4431,32
5.273,32
4.3096,32
4.7287,32
4.9943,32
4.8059,32
4.4798,32
4.9099,32
4.5103,32
4.9388,32
4.0697,32
5.0552,32
4.6787,32
4.5482,32
4.7926,32
5.1228,32
4.5375,32
4.9676,32
4.3325,32
5.2143,32
5.2454,32
4.8863,32
3.8414,32
4.8056,32
4.7562,32
4.3067,32
5.287,32
5.0524,32
4.1001,32
4.8067,32
4.8701,32
4.427,32
4.5368,32
4.9314,32
4.9302,32
4.2721,32
5.0344,32
5.0835,32
5.0735,32
4.8706,32
4.9356,32
4.9254,32
4.5236,32
4.9862,32
4.6516,32
5.067,32
4.4289,32
5.1206,32
4.8848,32
4.8696,32
4.566,32
6.0833,32
4.0914,32
4.1605,32
4.8284,32
5.135,32
4.877,32
4.9871,32
5.3598,32
4.8582,32
4.8754,32
5.0204,32
5.0867,32
4.2936,32
4.9315,32
4.565,32
5.1243,32
4.934,32
5.158,32
5.0325,32
4.3036,32
4.8615,32
4.7728,32
4.3608,32
4.7803,32
4.8486,32
5.0465,32
4.9116,32
4.7749,32
4.3193,32
4.9662,32
5.4397,32
4.7407,32
4.5298,32
4.2898,32
5.0138,32
4.6207,32
4.6723,32
4.6835,32
4.3756,32
4.7982,32
5.308,32
4.4888,32
5.3086,32
4.2641,32
5.1349,32
4.3917,32
5.0053,32
5.01,32
5.2086,32
4.5248,32
4.8617,32
4.5638,32
5.5553,32
4.2158,32
4.5144,32
5.2203,32
4.4881,32
4.8848,32
4.3141,32
5.388,32
4.6037,32
4.3192,32
5.1669,32
4.6568,32
4.8809,32
4.3378,32
5.6283,32
4.1254,32
4.9785,32
5.001,32
4.9383,32
4.2944,32
4.8452,32
4.8136,32
5.1361,32
4.8383,32
4.7081,32
4.6126,32
4.7073,32
4.5462,32
4.9722,32
4.4245,32
4.794,32
4.9253,32
4.7293,32
4.6545,32
4.7389,32
5.2346,32
4.3371,32
5.1314,32
4.7254,32
5.0562,32
4.8926,32
5.2301,32
4.7164,32
4.5565,32
5.0325,32
4.2838,32
4.779,32
4.5065,32
4.595,32
4.631,32
5.0983,32
4.7362,32
4.9647,32
5.288,32
4.5616,32
4.624,32
4.5063,32
4.6662,32
4.6724,32
5.0132,32
4.6347,32
4.5805,32
4.6147,32
5.5934,32
4.3035,32
5.0713,32
5.1588,32
5.0945,32
4.8528,32
4.9896,32
4.7184,32
4.4694,32
4.8106,32
5.5708,32
3.9272,32
4.7482,32
4.9805,32
4.7867,32
4.4152,32
4.6332,32
5.3229,32
4.6743,32
5.1259,32
4.9476,32
5.1301,32
4.0826,32
4.8405,32
5.0127,32
5.1351,32
4.7626,32
4.6687,32
4.7277,32
4.4842,32
5.2483,32
4.7438,32
4.6642,32
4.946,32
4.5938,32
4.9907,32
4.6097,32
4.6598,32
4.8112,32
5.1312,32
4.3896,32
4.6156,32
4.7521,32
4.8084,32
4.4825,32
4.7797,32
5.2197,32
4.4925,32
4.4669,32
4.7131,32
4.5334,32
4.7789,32
5.386,32
4.5047,32
5.1021,32
4.3719,32
4.7966,32
4.8673,32
5.2434,32
4.4143,32
4.7649,32
4.944,32
4.8023,32
4.8809,32
4.9383,32
4.7225,32
4.7224,32
4.5974,32
4.4687,32
4.6452,32
4.6369,32
4.6717,32
4.8586,32
4.9932,32
4.7633,32
5.2163,32
4.6057,32
4.6142,32
4.4843,32
5.3019,32
4.2157,32
4.4523,32
4.6252,32
4.6831,32
5.149,32
4.2404,32
4.4354,32
6.0407,32
3.7279,32
4.5456,32
4.8007,32
5.0692,32
4.5437,32
4.7406,32
5.7399,32
4.0047,32
4.9918,32
4.7907,32
4.4938,32
5.0749,32
4.9985,32
4.9769,32
4.5879,32
6.0899,64
6.2767,64
6.1269,64
6.5092,64
6.2136,64
6.1565,64
6.051,64
6.7468,64
6.1699,64
6.3737,64
6.5238,64
6.0667,64
6.3305,64
6.3347,64
5.6783,64
6.4696,64
5.9319,64
5.9391,64
6.7133,64
6.0096,64
6.6041,64
5.4957,64
6.1722,64
6.075,64
6.8366,64
6.0274,64
6.2201,64
6.1056,64
6.1862,64
6.3737,64
6.1991,64
6.5242,64
5.8619,64
5.928,64
6.0587,64
6.2918,64
6.0071,64
6.6978,64
6.0201,64
6.1219,64
6.7908,64
6.0147,64
6.3003,64
5.9072,64
5.9475,64
6.1684,64
6.2067,64
6.0777,64
6.0482,64
6.2608,64
6.4718,64
6.7569,64
6.0681,64
6.8876,64
5.811,64
6.5209,64
6.087,64
6.2162,64
5.7362,64
6.1915,64
5.8949,64
6.9868,64
6.4691,64
5.9579,64
5.8273,64
6.409,64
6.3582,64
5.7621,64
6.1336,64
6.5778,64
5.6886,64
5.8856,64
6.1064,64
6.4758,64
6.637,64
6.3831,64
6.0108,64
5.7844,64
6.3514,64
6.3432,64
6.3469,64
5.9542,64
6.6399,64
6.207,64
6.3112,64
6.1455,64
6.4543,64
6.1499,64
5.6723,64
6.5066,64
6.3869,64
6.6588,64
5.7282,64
6.2225,64
6.4752,64
6.3608,64
6.3388,64
5.7933,64
6.1779,64
6.1079,64
6.6384,64
6.0268,64
6.4097,64
6.2134,64
5.9763,64
6.2254,64
6.1568,64
6.3617,64
5.8324,64
6.8248,64
6.0866,64
6.0113,64
6.021,64
6.5679,64
6.3727,64
6.5705,64
5.6239,64
6.2779,64
6.5724,64
6.2932,64
5.8954,64
5.9977,64
5.7973,64
6.1743,64
6.1024,64
7.1949,64
6.0883,64
5.7284,64
7.077,64
5.7438,64
6.1993,64
6.5699,64
6.6352,64
6.0987,64
6.894,64
5.9883,64
6.4528,64
6.7917,64
5.9959,64
5.5324,64
6.0412,64
6.7669,64
5.9307,64
6.7353,64
6.1087,64
5.171,64
6.6439,64
5.8744,64
6.7121,64
6.5186,64
6.0106,64
5.7891,64
6.0345,64
6.1589,64
6.2701,64
6.7069,64
6.1367,64
6.1701,64
5.9539,64
6.6468,64
6.2359,64
6.1998,64
6.2184,64
6.2967,64
6.0142,64
5.9704,64
6.1126,64
6.8525,64
6.1108,64
6.0914,64
5.8793,64
6.021,64
6.0471,64
6.1681,64
6.4352,64
6.3785,64
6.1584,64
5.7987,64
6.0345,64
6.2919,64
6.1411,64
6.3691,64
6.2551,64
6.2899,64
6.9003,64
5.8809,64
5.9646,64
6.176,64
6.6646,64
6.1515,64
6.8341,64
5.7056,64
6.6205,64
6.0617,64
5.8769,64
6.8117,64
5.4811,64
6.9405,64
6.1486,64
6.7259,64
5.8449,64
5.984,64
6.3035,64
6.1776,64
6.3176,64
5.8069,64
6.9461,64
5.8018,64
6.1097,64
6.3351,64
5.7249,64
5.912,64
6.4643,64
5.4615,64
6.4139,64
5.8106,64
6.1976,64
6.7038,64
5.7953,64
6.5248,64
6.9282,64
5.694,64
5.9183,64
6.6168,64
6.4712,64
6.3268,64
6.1657,64
5.4446,64
6.3109,64
6.2776,64
6.0101,64
6.2338,64
6.4411,64
6.3942,64
5.5138,64
5.9304,64
6.0751,64
6.0871,64
6.637,64
5.9892,64
6.0873,64
6.1244,64
6.7969,64
5.2931,64
6.1507,64
6.4159,64
5.9546,64
6.5936,64
6.5019,64
6.0254,64
6.2848,64
6.6455,64
5.8485,64
6.1195,64
7.1983,64
5.48,64
6.648,64
5.9021,64
5.8758,64
6.4944,64
6.227,64
6.3778,64
5.9584,64
6.2823,64
6.5831,64
5.9557,64
6.5826,64
6.4552,64
6.0626,64
5.6563,64
6.6941,64
6.4524,64
6.5606,64
5.6764,64
6.0946,64
6.2702,64
6.143,64
6.697,64
5.5224,64
6.8668,64
6.0871,64
6.6483,64
5.9113,64
5.9921,64
6.5141,64
6.0626,64
6.5066,64
6.2999,64
6.2928,64
6.0433,64
6.6437,64
6.3293,64
5.7542,64
6.0624,64
6.8214,64
5.8695,64
6.1021,64
6.2682,64
6.1278,64
6.0138,64
6.3901,64
6.1748,64
6.3993,64
5.9277,64
6.6129,64
6.2455,64
5.0129,64
6.8916,64
6.1013,64
5.856,64
6.8011,64
5.1975,64
6.1325,64
6.3914,64
6.8394,64
5.7661,64
6.8314,64
5.812,64
6.3977,64
6.3248,64
5.8807,64
7.0775,64
5.7982,64
5.6131,64
6.7455,64
6.5933,64
6.2846,64
6.2451,64
6.3532,64
6.6139,64
6.2485,64
5.5409,64
6.2936,64
5.7405,64
6.4184,64
6.0922,64
6.1783,64
5.5319,64
6.5493,64
5.6875,64
6.734,64
6.571,64
5.9389,64
6.751,64
6.252,64
6.0795,64
6.5765,64
6.4469,64
6.2288,64
6.2336,64
6.2634,64
5.8213,64
6.0107,64
5.9859,64
6.1148,64
6.1477,64
5.9904,64
6.0083,64
6.0259,64
6.6803,64
5.4445,64
6.0269,64
6.2296,64
6.0527,64
6.0664,64
6.752,64
5.9922,64
6.087,64
6.5178,64
6.4064,64
6.9427,64
5.5866,64
5.9779,64
6.2865,64
6.2731,64
6.1425,64
5.9727,64
6.1434,64
7.1252,64
5.8032,64
5.8476,64
6.1483,64
6.4041,64
6.6471,64
5.8324,64
6.5025,64
6.5561,64
5.6791,64
6.2413,64
6.389,64
6.3581,64
5.978,64
6.3859,64
6.4209,64
6.4329,64
6.4054,64
5.6948,64
6.3513,64
6.5574,64
6.2902,64
6.103,64
6.5039,64
6.1252,64
6.2943,64
6.4067,64
6.1768,64
5.7634,64
6.7297,64
6.0157,64
5.8662,64
6.9323,64
5.7299,64
6.3456,64
6.4311,64
5.5812,64
6.3955,64
6.9616,64
5.8056,64
6.555,64
5.8696,64
6.7277,64
5.8418,64
6.2031,64
6.2435,64
6.0531,64
6.4725,64
6.9609,64
5.5139,64
6.2069,64
6.0011,64
6.5873,64
6.3575,64
6.255,64
6.5755,64
6.1067,64
6.085,64
6.067,64
6.0383,64
5.8337,64
6.0549,64
6.0947,64
6.2329,64
5.8731,64
6.6689,64
5.9451,64
7.0942,64
5.6811,64
5.9872,64
6.6613,64
5.563,64
6.4244,64
6.0317,64
5.7639,64
6.5929,64
5.8929,64
6.177,64
6.5931,64
5.6015,64
6.1688,64
5.7718,64
6.2837,64
6.8594,64
5.1527,64
6.1797,64
6.3707,64
6.3812,64
6.0739,64
6.0422,64
5.8254,64
5.9148,64
6.682,64
5.5468,64
5.9486,64
6.5507,64
5.8942,64
6.1384,64
6.7044,64
5.7709,64
6.2889,64
6.7121,64
5.9782,64
6.3974,64
5.8134,64
7.0791,64
5.755,64
6.4149,64
5.7189,64
6.276,64
5.8006,64
6.2333,64
6.6478,64
5.9791,64
6.047,64
6.098,64
6.4825,64
5.6956,64
6.6149,64
6.2333,64
5.8585,64
6.9805,64
8.6648,128
8.8273,128
9.738,128
7.9184,128
9.7455,128
9.0389,128
9.3196,128
10.0671,128
8.7483,128
9.1725,128
9.1711,128
8.7037,128
9.2033,128
9.692,128
8.663,128
9.0775,128
9.4913,128
8.8428,128
9.2898,128
9.4089,128
8.9527,128
9.3247,128
8.9953,128
9.3013,128
8.9288,128
9.1471,128
8.5205,128
9.7958,128
9.3351,128
9.2346,128
9.401,128
8.3604,128
9.1997,128
9.7838,128
8.7315,128
9.3119,128
8.9649,128
9.2383,128
8.536,128
9.4897,128
9.4077,128
9.0245,128
8.5758,128
9.3067,128
9.2125,128
8.936,128
9.5528,128
8.4569,128
9.2463,128
9.4624,128
9.7596,128
8.976,128
9.1957,128
9.12,128
8.7738,128
9.0198,128
9.1776,128
8.499,128
9.5762,128
9.8419,128
9.2345,128
9.3185,128
9.4363,128
8.658,128
8.8452,128
9.9154,128
9.014,128
8.6753,128
9.0645,128
9.2284,128
8.9126,128
9.0796,128
9.4716,128
9.3416,128
8.8468,128
9.0261,128
9.3217,128
8.9696,128
8.5546,128
9.4061,128
9.2088,128
9.1318,128
8.7149,128
8.7967,128
9.056,128
9.5107,128
9.0471,128
9.5678,128
9.267,128
9.0782,128
8.8044,128
9.2089,128
9.3229,128
9.129,128
9.2461,128
9.3806,128
8.5962,128
9.8015,128
8.6448,128
8.6722,128
9.153,128
10.0821,128
8.501,128
9.6591,128
8.4778,128
9.7949,128
8.611,128
8.8215,128
9.4188,128
8.3775,128
10.1035,128
9.2227,128
9.0099,128
10.1197,128
8.0358,128
8.5617,128
9.4006,128
8.9491,128
9.3977,128
8.9114,128
8.8456,128
9.2175,128
8.9427,128
9.5853,128
9.5013,128
9.2883,128
9.5337,128
9.2877,128
9.0099,128
8.8969,128
9.2654,128
8.9928,128
9.8017,128
8.7227,128
9.1579,128
9.3798,128
8.6957,128
8.9835,128
8.5828,128
10.3147,128
8.0164,128
9.7608,128
8.3112,128
9.4102,128
9.5373,128
8.913,128
9.6684,128
8.9174,128
8.8978,128
9.3456,128
9.665,128
8.8961,128
8.1995,128
9.838,128
9.0124,128
9.1976,128
9.4493,128
9.1332,128
9.1947,128
9.0249,128
9.2781,128
9.0056,128
9.2368,128
8.9666,128
9.2242,128
9.1499,128
9.3003,128
8.5388,128
9.5576,128
9.4553,128
8.6814,128
9.2844,128
9.0025,128
8.3057,128
9.6243,128
9.0569,128
9.9159,128
7.8882,128
9.1249,128
9.5429,128
9.4619,128
8.8222,128
9.1644,128
9.2771,128
9.0409,128
9.4877,128
9.0186,128
9.2783,128
9.2653,128
9.0275,128
9.1927,128
8.4666,128
9.7193,128
9.6912,128
9.3443,128
9.1062,128
9.4246,128
9.0854,128
8.6074,128
9.4224,128
9.1524,128
8.7878,128
8.9147,128
9.5447,128
8.9933,128
9.2389,128
9.1802,128
9.4248,128
8.7974,128
9.2671,128
8.9895,128
8.8817,128
9.2125,128
9.1995,128
9.5807,128
9.1209,128
9.1554,128
8.8246,128
8.793,128
9.5208,128
8.8319,128
9.2236,128
9.4048,128
8.8386,128
9.554,128
9.2452,128
9.595,128
9.1424,128
8.9852,128
9.0293,128
8.8946,128
9.25,128
9.1091,128
9.4362,128
8.9903,128
9.7151,128
8.9492,128
8.5912,128
9.6093,128
8.8577,128
8.8257,128
9.2687,128
9.1317,128
9.9276,128
8.6027,128
9.4811,128
8.7836,128
9.7031,128
9.339,128
8.6548,128
8.9113,128
9.0159,128
8.9582,128
9.5588,128
8.8843,128
8.6524,128
9.1165,128
9.6625,128
8.8759,128
9.9265,128
8.7734,128
9.2578,128
8.2593,128
8.8772,128
9.244,128
9.1661,128
9.4417,128
9.8388,128
9.0569,128
9.0563,128
9.7142,128
9.3441,128
9.3148,128
8.8164,128
8.7138,128
9.1855,128
9.2593,128
9.9826,128
8.4401,128
9.5912,128
9.3064,128
9.5646,128
8.4325,128
9.6138,128
9.1453,128
8.7491,128
9.087,128
9.418,128
9.6345,128
8.6641,128
9.2509,128
8.9423,128
9.4133,128
9.0998,128
8.9303,128
9.2997,128
8.7919,128
9.3262,128
9.5594,128
9.2527,128
9.3289,128
8.7679,128
9.001,128
8.9835,128
9.1196,128
8.5489,128
9.1409,128
9.8991,128
9.1459,128
8.787,128
9.4931,128
9.1668,128
9.113,128
8.8832,128
51.6299,128
1.5342,128
5.5542,128
6.0777,128
6.2619,128
6.0158,128
6.1599,128
5.8101,128
8.0871,128
6.0601,128
7.2543,128
8.6557,128
6.9842,128
7.0575,128
8.5077,128
7.7772,128
6.6541,128
7.3263,128
7.1512,128
7.2258,128
7.1226,128
7.558,128
6.9712,128
7.0676,128
7.0699,128
6.8222,128
7.4386,128
7.7156,128
7.3049,128
6.7988,128
7.0649,128
6.8685,128
7.2376,128
7.4361,128
8.1569,128
5.9774,128
7.6387,128
7.3168,128
7.6156,128
6.6504,128
8.0016,128
9.3057,128
10.0039,128
8.8886,128
9.6558,128
9.8263,128
9.5028,128
9.8298,128
9.2724,128
8.7524,128
8.9387,128
9.715,128
8.569,128
9.844,128
9.076,128
8.8192,128
9.7965,128
9.6052,128
8.1953,128
9.4809,128
9.3999,128
8.9299,128
9.1624,128
9.1701,128
9.2268,128
9.5061,128
9.5563,128
8.0143,128
9.6378,128
9.7681,128
7.7771,128
9.3609,128
9.5615,128
8.8597,128
9.575,128
9.1112,128
9.421,128
9.0092,128
9.2152,128
9.2608,128
8.466,128
8.9722,128
9.1408,128
8.9216,128
9.5283,128
9.2069,128
9.0494,128
8.19,128
9.9519,128
8.4657,128
9.4739,128
9.3485,128
8.4661,128
8.9484,128
8.8903,128
10.1498,128
8.9005,128
8.8952,128
10.022,128
9.4973,128
8.5256,128
9.5747,128
8.6002,128
8.6571,128
9.8019,128
9.3515,128
9.2014,128
9.417,128
9.5269,128
9.1745,128
8.8157,128
8.926,128
8.8301,128
8.8768,128
9.1324,128
8.6935,128
9.5396,128
9.9156,128
8.3291,128
10.0031,128
8.3331,128
8.8811,128
8.7642,128
9.4158,128
8.2596,128
9.5147,128
9.1775,128
9.4716,128
9.2313,128
9.2095,128
9.4106,128
8.6999,128
9.599,128
8.1028,128
8.7512,128
9.3932,128
8.9609,128
9.5203,128
9.5695,128
9.8623,128
8.3393,128
9.0789,128
8.942,128
9.22,128
9.1373,128
8.9731,128
9.1171,128
9.1838,128
9.3088,128
9.7074,128
9.7243,128
8.756,128
8.7811,128
8.7867,128
9.6864,128
8.2108,128
8.8544,128
9.199,128
8.9205,128
10.0471,128
8.2532,128
9.0267,128
9.2232,128
9.514,128
8.3455,128
9.0116,128
9.2609,128
8.9183,128
9.1418,128
8.7967,128
9.4144,128
8.8696,128
9.9599,128
8.3916,128
9.3352,128
9.0567,128
9.1287,128
9.4049,128
8.9591,128
9.4009,128
9.1841,128
9.4236,128
9.1473,128
9.4382,128
8.9133,128
8.7993,128
14.8217,256
15.3125,256
15.5877,256
15.3248,256
15.9616,256
14.5305,256
16.0464,256
15.3648,256
14.9072,256
15.3008,256
14.7187,256
15.553,256
15.2952,256
15.2389,256
15.2594,256
15.2626,256
15.5657,256
14.8369,256
15.291,256
15.8125,256
14.9536,256
15.0713,256
15.3508,256
15.6064,256
15.1079,256
14.8079,256
15.635,256
15.6737,256
14.6326,256
15.1326,256
15.5184,256
15.8638,256
14.6574,256
15.412,256
15.097,256
15.7619,256
15.4015,256
14.4525,256
15.6175,256
15.41,256
15.3759,256
15.1096,256
14.6756,256
15.8553,256
14.6643,256
15.0514,256
15.3382,256
15.8587,256
14.9565,256
15.1015,256
15.2751,256
15.2413,256
15.3322,256
15.0026,256
15.2313,256
14.7754,256
15.2812,256
15.2168,256
15.631,256
16.0783,256
14.3455,256
15.0668,256
14.707,256
15.9706,256
14.8498,256
15.321,256
14.9482,256
15.3677,256
15.578,256
14.7548,256
15.8504,256
14.7578,256
15.7349,256
14.7194,256
15.2003,256
15.2334,256
15.1651,256
15.3946,256
14.7069,256
15.8501,256
14.8658,256
15.405,256
15.4608,256
14.8366,256
15.1866,256
15.2153,256
15.3575,256
15.6712,256
15.354,256
15.2017,256
15.1005,256
15.4221,256
15.1069,256
15.5238,256
15.546,256
15.6814,256
14.7602,256
15.2757,256
15.2906,256
15.5084,256
14.8055,256
14.911,256
15.251,256
15.7908,256
16.0425,256
14.9239,256
15.1367,256
15.3745,256
15.2199,256
15.0163,256
15.2334,256
15.468,256
15.0855,256
15.3916,256
14.8785,256
15.836,256
15.818,256
14.9281,256
14.5846,256
15.6975,256
15.4069,256
15.7944,256
14.3977,256
15.508,256
15.2794,256
15.2258,256
14.9494,256
15.2747,256
14.9778,256
15.0694,256
14.8505,256
15.7235,256
14.8459,256
15.1144,256
14.7467,256
15.628,256
15.6697,256
15.1765,256
14.8973,256
14.9654,256
15.8827,256
15.1622,256
14.8782,256
14.7202,256
15.6466,256
15.1729,256
15.5832,256
15.3225,256
15.3425,256
15.0366,256
15.5554,256
14.7794,256
15.3774,256
14.8721,256
15.2658,256
14.9039,256
16.1478,256
14.8967,256
15.6904,256
15.1964,256
14.8376,256
15.0952,256
15.0103,256
15.6406,256
14.9082,256
15.3116,256
14.6448,256
15.7394,256
15.2924,256
14.8988,256
15.4584,256
15.1945,256
15.471,256
15.1901,256
14.6322,256
15.8625,256
15.5179,256
15.4922,256
14.9161,256
15.2404,256
15.3573,256
15.7232,256
14.5241,256
15.4701,256
15.3274,256
15.3065,256
15.2518,256
15.3301,256
15.4677,256
15.326,256
14.7231,256
15.6299,256
15.1445,256
15.6977,256
14.9264,256
15.0713,256
15.3296,256
15.5305,256
14.637,256
15.4815,256
14.825,256
15.9589,256
14.5267,256
15.6267,256
15.1082,256
14.6815,256
15.0821,256
15.3165,256
15.2237,256
15.2681,256
15.1497,256
15.331,256
15.6336,256
15.6362,256
14.675,256
14.9976,256
16.3053,256
14.8687,256
15.1771,256
15.2567,256
15.7366,256
14.9923,256
15.2639,256
14.9335,256
15.4071,256
15.2123,256
15.6675,256
15.1801,256
15.2006,256
15.8178,256
15.0428,256
14.7358,256
15.3181,256
15.0878,256
15.6634,256
14.928,256
15.4067,256
15.6019,256
15.3074,256
14.9568,256
14.6542,256
15.6784,256
14.9207,256
15.165,256
15.2568,256
15.0268,256
15.3466,256
14.8411,256
15.606,256
15.6515,256
15.1173,256
14.6287,256
16.4614,256
13.8513,256
12.4148,256
12.4303,256
13.1394,256
13.3865,256
13.3506,256
14.1111,256
13.0128,256
13.3367,256
13.4842,256
12.5349,256
13.7971,256
12.8991,256
13.2837,256
12.7623,256
14.0778,256
12.9818,256
13.255,256
14.5567,256
13.064,256
12.9774,256
13.5798,256
12.0988,256
12.9175,256
14.5209,256
12.5349,256
13.9893,256
12.8625,256
12.7643,256
13.8687,256
13.3655,256
15.1063,256
16.5139,256
15.5205,256
16.4949,256
14.8965,256
15.2123,256
14.8969,256
15.5946,256
15.6203,256
14.8458,256
15.616,256
15.3022,256
14.5823,256
15.1003,256
15.9384,256
15.3195,256
15.4993,256
14.2954,256
15.4153,256
15.2055,256
15.6103,256
15.2707,256
14.9581,256
15.8272,256
14.7052,256
15.0133,256
15.9643,256
15.2899,256
15.4295,256
14.4801,256
16.0102,256
14.5527,256
15.727,256
15.0331,256
15.3398,256
15.4577,256
15.3869,256
14.8347,256
15.0278,256
15.1714,256
15.5276,256
15.0345,256
15.4788,256
15.9273,256
14.5182,256
15.1959,256
15.3858,256
15.4714,256
15.3524,256
14.0391,256
15.8637,256
15.5771,256
15.1361,256
15.5551,256
15.5924,256
14.775,256
15.558,256
14.9314,256
15.2987,256
15.4547,256
15.3203,256
14.2052,256
15.5598,256
15.8684,256
15.6543,256
15.1632,256
15.3923,256
14.9299,256
15.6734,256
15.054,256
15.2317,256
15.21,256
15.5876,256
14.5935,256
15.1108,256
15.745,256
15.6085,256
14.9008,256
15.1641,256
14.7708,256
14.9818,256
15.5242,256
15.118,256
15.231,256
15.2398,256
15.0583,256
15.6157,256
14.6681,256
15.7759,256
15.8612,256
14.6301,256
15.6328,256
15.57,256
14.5049,256
15.184,256
15.569,256
14.7826,256
15.8102,256
14.7797,256
15.9682,256
15.4134,256
14.4926,256
16.355,256
14.9063,256
15.1112,256
14.5249,256
15.4663,256
15.4607,256
14.9154,256
14.8775,256
15.2578,256
14.8711,256
16.2224,256
14.9446,256
14.9919,256
15.1994,256
14.73,256
15.266,256
15.6926,256
16.7038,256
12.916,256
15.8363,256
14.5284,256
16.0455,256
15.3813,256
15.2046,256
14.8368,256
15.2645,256
15.9123,256
14.7789,256
14.5476,256
15.7524,256
14.8892,256
16.0282,256
14.9749,256
15.5824,256
15.1876,256
15.1512,256
15.394,256
14.9169,256
15.4699,256
15.3401,256
14.7094,256
16.3066,256
15.2386,256
15.4503,256
15.3548,256
15.1857,256
16.1729,256
15.1628,256
15.425,256
14.5465,256
15.7971,256
15.2724,256
15.3238,256
14.8929,256
15.5982,256
15.4657,256
14.5658,256
15.6721,256
15.3422,256
15.4966,256
14.8822,256
14.6772,256
15.6979,256
14.9387,256
15.3847,256
15.0704,256
15.0208,256
15.8635,256
15.5591,256
15.0791,256
15.0307,256
15.3495,256
15.1026,256
14.6894,256
15.5281,256
15.2918,256
14.6325,256
15.5157,256
15.042,256
15.5235,256
15.763,256
14.4041,256
14.9954,256
16.2037,256
14.1863,256
15.463,256
15.0764,256
15.7237,256
15.2229,256
15.3136,256
15.5272,256
15.3815,256
14.6422,256
15.4534,256
15.3875,256
15.6085,256
15.145,256
14.672,256
15.5925,256
15.2206,256
15.8795,256
14.6457,256
15.631,256
15.626,256
15.5103,256
15.0374,256
15.4979,256
15.2369,256
15.7147,256
15.0554,256
14.8781,256
15.2931,256
15.8451,256
14.8664,256
27.4204,512
28.5411,512
27.6902,512
27.1021,512
28.1265,512
27.3526,512
28.4821,512
27.9219,512
27.6571,512
27.2058,512
28.3972,512
27.5038,512
27.0398,512
28.0415,512
27.7795,512
28.1067,512
27.408,512
28.4615,512
27.9234,512
27.1977,512
28.239,512
27.8787,512
27.7573,512
27.3281,512
27.6837,512
27.0357,512
28.3872,512
27.3616,512
27.5135,512
28.3294,512
27.2391,512
27.385,512
27.9933,512
27.7684,512
26.8213,512
28.0839,512
28.1285,512
27.9969,512
27.1507,512
28.1748,512
28.2062,512
27.0835,512
27.8025,512
27.9253,512
27.6369,512
27.4955,512
27.1307,512
29.3923,512
26.9341,512
26.985,512
28.7451,512
27.6623,512
27.1194,512
27.3318,512
27.5471,512
28.6591,512
28.4729,512
27.1153,512
28.8966,512
26.9116,512
27.7666,512
28.2896,512
27.4454,512
27.786,512
27.9352,512
26.7864,512
28.3955,512
27.7675,512
28.0472,512
28.1644,512
27.1564,512
28.0775,512
27.7635,512
27.4994,512
28.7126,512
27.6601,512
26.6733,512
28.062,512
27.4202,512
28.7046,512
27.3158,512
27.2209,512
28.7469,512
27.6945,512
27.4088,512
27.3073,512
28.4032,512
27.2034,512
28.1549,512
26.4549,512
28.3862,512
28.0907,512
27.53,512
28.8398,512
26.7417,512
28.4267,512
27.2534,512
27.4698,512
28.1316,512
28.0359,512
27.4857,512
28.4071,512
27.6688,512
27.2928,512
28.183,512
27.0502,512
28.2189,512
28.3034,512
27.0629,512
27.8546,512
28.2259,512
26.7986,512
28.5854,512
26.1251,512
27.9764,512
27.6212,512
27.5351,512
28.5307,512
28.0565,512
27.4087,512
28.5125,512
27.6394,512
27.4789,512
27.8906,512
27.705,512
27.5719,512
28.2033,512
27.7583,512
28.5492,512
27.0947,512
27.2214,512
26.698,512
27.8975,512
27.9093,512
27.1192,512
27.4877,512
28.7853,512
27.539,512
27.5385,512
28.7351,512
26.7875,512
27.4382,512
27.9571,512
27.641,512
28.4211,512
27.155,512
27.6015,512
28.5699,512
27.6986,512
27.5096,512
27.9882,512
27.0417,512
28.3438,512
27.2545,512
27.3385,512
28.9129,512
27.4105,512
27.5544,512
27.8831,512
26.8371,512
28.4481,512
27.7716,512
27.5704,512
27.6156,512
28.1915,512
27.7022,512
27.4544,512
28.034,512
27.8418,512
27.8872,512
26.4513,512
28.2285,512
27.9505,512
28.1974,512
27.3902,512
27.6299,512
26.9395,512
28.5141,512
27.7416,512
27.945,512
27.7696,512
26.9047,512
28.5587,512
27.4517,512
27.585,512
28.1765,512
27.7393,512
28.1658,512
26.8761,512
28.5072,512
28.2002,512
26.738,512
27.6957,512
27.7057,512
28.0653,512
27.4539,512
28.4385,512
27.2244,512
27.4834,512
27.6559,512
27.7619,512
28.7923,512
27.068,512
27.2629,512
27.9146,512
27.789,512
27.6361,512
28.5251,512
27.6256,512
28.0794,512
28.1819,512
27.4489,512
27.7154,512
27.2458,512
28.0738,512
27.95,512
27.1716,512
29.0425,512
27.5446,512
27.257,512
28.3313,512
27.6198,512
27.3789,512
28.2392,512
27.3875,512
27.7523,512
27.3233,512
26.9846,512
27.7745,512
27.9915,512
27.4117,512
28.3715,512
27.6622,512
28.1736,512
27.7423,512
27.2146,512
28.1296,512
27.2338,512
27.4478,512
28.221,512
27.6907,512
27.4221,512
28.0732,512
27.2417,512
28.7586,512
27.3889,512
27.8547,512
28.3553,512
27.9966,512
27.0684,512
27.7485,512
27.2002,512
28.4218,512
27.7299,512
27.8472,512
28.4769,512
26.3231,512
28.6457,512
27.8597,512
26.7286,512
28.5861,512
27.9561,512
27.1286,512
28.3329,512
27.6367,512
27.1875,512
27.9414,512
27.0812,512
28.2131,512
27.9758,512
27.2712,512
28.7274,512
27.5891,512
27.5577,512
28.1531,512
27.7527,512
28.2489,512
27.1993,512
27.7737,512
27.937,512
28.0464,512
27.2529,512
28.4053,512
26.7662,512
27.8546,512
27.6382,512
28.6328,512
27.1765,512
27.4702,512
27.868,512
28.4403,512
27.3917,512
27.708,512
28.072,512
27.7936,512
28.3261,512
27.1784,512
27.9707,512
27.922,512
27.8841,512
27.2179,512
28.336,512
27.1317,512
28.0397,512
27.988,512
27.3453,512
28.3676,512
27.1705,512
28.0003,512
28.2505,512
27.467,512
27.7696,512
27.8886,512
27.6298,512
28.6304,512
27.3499,512
27.4143,512
27.6127,512
27.641,512
27.7091,512
27.8296,512
27.4732,512
28.7851,512
27.5598,512
27.4571,512
28.7167,512
26.3653,512
28.102,512
28.0851,512
26.84,512
28.7611,512
27.1745,512
28.0087,512
28.3918,512
26.9514,512
27.7382,512
28.0536,512
27.3271,512
28.2562,512
27.6036,512
26.7625,512
28.1582,512
28.5382,512
26.4465,512
28.7278,512
27.7506,512
28.1316,512
26.8668,512
27.6275,512
28.7632,512
27.4706,512
26.5843,512
29.0679,512
27.4199,512
27.4593,512
28.0156,512
27.3077,512
27.7892,512
28.1829,512
27.3892,512
28.584,512
27.4838,512
27.9443,512
27.7589,512
27.4126,512
28.2896,512
27.7806,512
27.417,512
27.7755,512
28.2406,512
27.4477,512
28.1428,512
27.5378,512
28.5555,512
26.4206,512
28.0093,512
27.8091,512
27.9382,512
27.5872,512
28.4331,512
27.6824,512
28.7917,512
28.0401,512
26.9664,512
28.1764,512
28.2737,512
26.9337,512
27.9523,512
27.3016,512
27.5251,512
28.3597,512
27.6805,512
28.0346,512
28.0823,512
26.8605,512
27.805,512
27.2514,512
27.3329,512
28.0015,512
27.2511,512
27.6914,512
28.3515,512
27.9283,512
28.5639,512
27.3264,512
27.6927,512
27.9905,512
27.659,512
27.7066,512
27.7255,512
27.4361,512
28.3416,512
27.246,512
28.2651,512
28.0378,512
27.8314,512
27.7023,512
27.6178,512
27.0132,512
29.123,512
27.3658,512
26.6089,512
28.7486,512
27.6853,512
27.5522,512
28.0608,512
27.4874,512
28.2413,512
28.0379,512
27.4141,512
28.3134,512
27.3902,512
27.4736,512
28.0422,512
27.9503,512
27.8328,512
27.2645,512
28.3803,512
28.0125,512
27.9832,512
26.5286,512
28.4057,512
26.8992,512
27.8814,512
28.4836,512
26.9723,512
28.6254,512
27.4903,512
27.4156,512
28.0633,512
28.2342,512
27.5493,512
27.9493,512
27.6267,512
27.9708,512
27.6268,512
27.4949,512
28.0712,512
27.8357,512
28.0048,512
27.7032,512
26.7999,512
28.2084,512
27.7085,512
27.9136,512
28.4542,512
27.4833,512
28.4216,512
27.5629,512
27.2005,512
28.1781,512
27.779,512
27.3971,512
28.2161,512
27.255,512
28.0222,512
27.7844,512
27.8686,512
27.5756,512
27.5378,512
28.0056,512
28.2919,512
27.6305,512
27.0257,512
28.1192,512
28.1662,512
28.0348,512
27.3517,512
27.6175,512
28.23,512
26.7409,512
28.2638,512
28.3402,512
27.3966,512
27.5078,512
27.983,512
26.6684,512
27.8595,512
27.5676,512
28.001,512
50.9912,1024
50.7275,1024
50.916,1024
51.2837,1024
51.3294,1024
50.8769,1024
50.0173,1024
51.3207,1024
50.5461,1024
50.9613,1024
50.4546,1024
50.7447,1024
50.6465,1024
52.0166,1024
50.7025,1024
49.54,1024
51.7728,1024
49.5972,1024
51.6284,1024
50.3083,1024
50.645,1024
50.9282,1024
51.1796,1024
51.6621,1024
50.2749,1024
51.4026,1024
50.4545,1024
50.7868,1024
50.6576,1024
51.1239,1024
50.9959,1024
51.645,1024
50.9846,1024
50.5791,1024
51.1308,1024
50.8452,1024
50.9979,1024
51.0252,1024
51.6058,1024
49.555,1024
51.4628,1024
50.9354,1024
59.0234,1024
42.6694,1024
50.9251,1024
50.1731,1024
51.9956,1024
49.5585,1024
51.7532,1024
49.7972,1024
50.8785,1024
50.6388,1024
51.1154,1024
50.1797,1024
51.4133,1024
51.0063,1024
51.5184,1024
50.0778,1024
51.4185,1024
50.4668,1024
51.5657,1024
51.2191,1024
50.6778,1024
50.8788,1024
51.7245,1024
50.2922,1024
50.3258,1024
51.2404,1024
50.5594,1024
51.1267,1024
50.3779,1024
51.297,1024
49.8673,1024
51.7603,1024
50.8057,1024
52.1796,1024
50.8963,1024
50.5642,1024
49.9085,1024
52.0066,1024
50.4862,1024
50.323,1024
50.8202,1024
50.9252,1024
50.8117,1024
50.6969,1024
50.5698,1024
52.0963,1024
50.4505,1024
51.0549,1024
51.412,1024
51.4681,1024
51.112,1024
50.7482,1024
50.4559,1024
50.8093,1024
51.0546,1024
50.5881,1024
50.7028,1024
50.9146,1024
50.7599,1024
51.4375,1024
50.1385,1024
50.3618,1024
50.8265,1024
50.7495,1024
51.0379,1024
50.4238,1024
51.8327,1024
51.0795,1024
51.0614,1024
50.9689,1024
51.0752,1024
50.8851,1024
50.1336,1024
51.3897,1024
50.4556,1024
51.3008,1024
51.0434,1024
50.7487,1024
51.8341,1024
50.012,1024
51.192,1024
50.5884,1024
51.5693,1024
51.0655,1024
49.9409,1024
50.1801,1024
51.9021,1024
49.6605,1024
51.1292,1024
51.0911,1024
50.3455,1024
51.2967,1024
49.9979,1024
50.3031,1024
51.4981,1024
51.0775,1024
50.4104,1024
50.3575,1024
51.4954,1024
51.6967,1024
50.4266,1024
51.8186,1024
50.8391,1024
51.0182,1024
51.0753,1024
51.2776,1024
51.1766,1024
51.481,1024
49.898,1024
51.1599,1024
50.8207,1024
50.832,1024
51.4721,1024
51.5291,1024
50.336,1024
51.0098,1024
50.0359,1024
51.0211,1024
50.6918,1024
50.7775,1024
51.7704,1024
50.947,1024
51.1494,1024
50.0496,1024
51.0579,1024
50.4902,1024
50.9063,1024
51.7425,1024
50.2895,1024
50.7212,1024
51.5641,1024
50.3149,1024
51.4601,1024
50.9411,1024
51.0133,1024
50.5997,1024
51.1376,1024
51.2933,1024
50.9172,1024
51.3362,1024
50.9791,1024
50.2015,1024
51.609,1024
50.1521,1024
50.8609,1024
51.1404,1024
51.3882,1024
50.7601,1024
50.5891,1024
51.2329,1024
51.0801,1024
51.2371,1024
50.4023,1024
51.5646,1024
51.0363,1024
51.0602,1024
50.7994,1024
50.1716,1024
52.1315,1024
50.506,1024
50.6965,1024
51.4819,1024
51.0367,1024
50.6217,1024
50.8117,1024
50.392,1024
51.5877,1024
50.2104,1024
52.2504,1024
50.1374,1024
51.3756,1024
50.3107,1024
52.0302,1024
50.3107,1024
50.1876,1024
51.2729,1024
51.5328,1024
49.7183,1024
51.205,1024
51.2011,1024
51.1208,1024
51.6354,1024
50.61,1024
51.0605,1024
50.9645,1024
50.3579,1024
51.0035,1024
51.4707,1024
50.5293,1024
50.6715,1024
63.0925,1024
38.7316,1024
51.5372,1024
50.6062,1024
52.1248,1024
50.0918,1024
51.5209,1024
50.5033,1024
51.5992,1024
50.013,1024
50.7311,1024
51.0833,1024
51.5606,1024
49.6654,1024
50.7133,1024
51.3872,1024
50.7985,1024
52.0448,1024
50.479,1024
51.6864,1024
51.1344,1024
51.106,1024
50.9913,1024
51.1747,1024
51.1932,1024
51.7814,1024
50.0614,1024
51.4504,1024
50.8151,1024
50.6844,1024
51.0888,1024
50.469,1024
50.937,1024
50.8483,1024
50.8654,1024
51.0025,1024
50.7643,1024
51.3598,1024
50.4968,1024
50.934,1024
51.7343,1024
49.6675,1024
52.1743,1024
50.3091,1024
50.9454,1024
52.2368,1024
50.3395,1024
52.1683,1024
50.8389,1024
51.4198,1024
50.3953,1024
50.604,1024
51.2313,1024
50.4934,1024
50.6336,1024
50.944,1024
50.7938,1024
51.2211,1024
50.5217,1024
51.9262,1024
49.7675,1024
51.1255,1024
51.2815,1024
51.4348,1024
49.7417,1024
51.0296,1024
50.3325,1024
51.6045,1024
50.9863,1024
51.6831,1024
51.0469,1024
50.5046,1024
50.9522,1024
51.4671,1024
51.5356,1024
50.0218,1024
51.2509,1024
50.2339,1024
51.1466,1024
51.0432,1024
50.6723,1024
50.9239,1024
50.7479,1024
51.1187,1024
51.5416,1024
50.516,1024
50.1959,1024
51.0444,1024
51.4123,1024
51.305,1024
50.563,1024
50.981,1024
51.5672,1024
51.2329,1024
51.4786,1024
50.318,1024
51.6176,1024
50.1427,1024
51.3222,1024
50.2613,1024
50.291,1024
50.4335,1024
51.3242,1024
50.9452,1024
51.0009,1024
51.38,1024
50.5755,1024
50.7965,1024
51.2839,1024
50.7667,1024
51.8862,1024
50.3429,1024
50.8792,1024
50.9467,1024
51.4522,1024
51.0209,1024
50.8912,1024
50.9025,1024
51.3583,1024
51.0973,1024
51.2987,1024
50.4562,1024
51.5855,1024
49.3544,1024
50.7383,1024
51.1936,1024
51.2224,1024
50.7397,1024
50.0112,1024
50.6237,1024
51.91,1024
49.6458,1024
51.4517,1024
50.8877,1024
51.7245,1024
51.0357,1024
50.0792,1024
50.8269,1024
51.6068,1024
53.2527,1024
51.538,1024
51.2584,1024
50.1929,1024
51.8114,1024
49.722,1024
51.0494,1024
50.7817,1024
50.9449,1024
50.774,1024
52.109,1024
50.3942,1024
51.0193,1024
51.0386,1024
51.4781,1024
50.8009,1024
51.223,1024
51.9716,1024
50.4268,1024
51.1657,1024
51.0424,1024
51.2733,1024
51.6249,1024
50.6715,1024
51.3312,1024
51.9912,1024
49.838,1024
50.9527,1024
51.271,1024
50.5977,1024
50.3958,1024
51.915,1024
50.5229,1024
51.6703,1024
50.5434,1024
51.6423,1024
50.1933,1024
51.2212,1024
51.0188,1024
52.0089,1024
51.0499,1024
51.8074,1024
50.1051,1024
51.4218,1024
51.2668,1024
52.0951,1024
51.1148,1024
51.5315,1024
51.1651,1024
50.9739,1024
49.7386,1024
51.1244,1024
52.4688,1024
50.469,1024
50.7662,1024
51.6388,1024
51.8073,1024
50.8331,1024
50.629,1024
50.5583,1024
51.1877,1024
50.8196,1024
51.0561,1024
51.226,1024
50.5498,1024
51.2793,1024
50.4087,1024
50.6935,1024
50.6231,1024
52.4616,1024
50.6102,1024
51.2252,1024
50.944,1024
51.1347,1024
51.481,1024
51.2822,1024
51.1202,1024
50.2489,1024
51.2747,1024
50.4368,1024
51.9001,1024
50.5563,1024
51.1018,1024
50.5525,1024
50.6492,1024
51.1484,1024
51.0503,1024
51.3643,1024
52.8346,1024
51.6039,1024
51.4935,1024
51.1553,1024
50.4572,1024
51.8256,1024
50.2917,1024
51.1576,1024
51.9018,1024
51.0749,1024
50.0906,1024
51.1589,1024
51.4241,1024
51.2976,1024
51.3597,1024
50.9537,1024
50.9891,1024
51.0441,1024
49.6805,1024
51.0299,1024
51.6156,1024
51.6484,1024
52.3104,1024
52.3675,1024
51.5765,1024
50.0345,1024
52.1234,1024
50.1502,1024
51.4974,1024
50.5788,1024
51.8877,1024
49.4385,1024
51.8545,1024
49.9475,1024
51.3556,1024
51.7742,1024
50.3991,1024
50.9855,1024
51.7884,1024
50.3968,1024
50.7398,1024
101.776,2048
102.468,2048
102.499,2048
101.692,2048
102.788,2048
102.429,2048
101.942,2048
101.498,2048
101.878,2048
103.069,2048
101.379,2048
103.06,2048
101.528,2048
101.957,2048
102.542,2048
101.236,2048
101.421,2048
102.485,2048
102.092,2048
101.386,2048
102.003,2048
102.154,2048
102.916,2048
101.593,2048
102.942,2048
102.542,2048
101.758,2048
102.447,2048
102.093,2048
102.081,2048
103.035,2048
102.611,2048
102.799,2048
101.74,2048
102.093,2048
101.312,2048
102.521,2048
102.724,2048
102.263,2048
101.036,2048
102.01,2048
103.352,2048
102.156,2048
101.721,2048
103.01,2048
101.807,2048
101.994,2048
103.864,2048
101.744,2048
103.017,2048
100.914,2048
102.802,2048
101.807,2048
102.409,2048
102.175,2048
102.999,2048
101.038,2048
102.048,2048
101.878,2048
102.678,2048
102.031,2048
102.8,2048
103.316,2048
105.334,2048
99.1832,2048
101.947,2048
102.934,2048
101.644,2048
101.642,2048
102.03,2048
102.373,2048
102.155,2048
102.58,2048
101.666,2048
102.886,2048
101.326,2048
102.648,2048
102.469,2048
102.497,2048
102.982,2048
102.384,2048
102.854,2048
101.658,2048
102.847,2048
100.956,2048
101.414,2048
101.969,2048
102.297,2048
101.875,2048
102.4,2048
102.209,2048
102.294,2048
101.724,2048
102.712,2048
102.329,2048
101.365,2048
102.327,2048
102.967,2048
101.689,2048
102.312,2048
102.595,2048
103.019,2048
101.596,2048
103.114,2048
102.915,2048
104.785,2048
98.8539,2048
103.014,2048
101.937,2048
101.671,2048
102.157,2048
102.132,2048
102.816,2048
101.007,2048
103.004,2048
102.018,2048
101.712,2048
102.638,2048
101.662,2048
101.919,2048
102.34,2048
102.013,2048
102.358,2048
102.43,2048
102.751,2048
101.626,2048
102.078,2048
103.488,2048
102.577,2048
101.803,2048
101.962,2048
102.342,2048
102.626,2048
101.564,2048
102.192,2048
102.121,2048
101.898,2048
102.215,2048
102.87,2048
102.416,2048
101.51,2048
102.21,2048
103.017,2048
103.052,2048
101.429,2048
102.314,2048
102.844,2048
101.928,2048
103.177,2048
102.376,2048
100.9,2048
102.265,2048
102.22,2048
102.106,2048
102.71,2048
102.023,2048
101.717,2048
102.164,2048
101.896,2048
102.551,2048
101.936,2048
103.794,2048
102.124,2048
101.502,2048
102.592,2048
102.061,2048
102.516,2048
102.724,2048
102.523,2048
101.794,2048
101.496,2048
103.786,2048
101.407,2048
101.75,2048
101.949,2048
102.241,2048
102.714,2048
101.496,2048
102.064,2048
102.952,2048
101.243,2048
102.713,2048
102.739,2048
102.17,2048
101.316,2048
102.903,2048
101.914,2048
102.443,2048
101.998,2048
103.154,2048
102.055,2048
102.133,2048
101.583,2048
103.511,2048
102.131,2048
102.148,2048
102.595,2048
102.85,2048
102.953,2048
102.131,2048
102.024,2048
102.596,2048
101.68,2048
102.317,2048
101.444,2048
101.211,2048
102.312,2048
102.16,2048
102.228,2048
102.155,2048
102.64,2048
102.448,2048
102.962,2048
102.25,2048
102.332,2048
102.025,2048
101.832,2048
102.862,2048
102.452,2048
102.272,2048
101.386,2048
101.937,2048
105.183,2048
99.4347,2048
101.607,2048
102.47,2048
101.329,2048
102.714,2048
101.795,2048
102.214,2048
101.092,2048
102.155,2048
101.781,2048
101.504,2048
101.944,2048
102.403,2048
102.271,2048
101.983,2048
101.605,2048
101.592,2048
102.118,2048
102.217,2048
102.366,2048
100.99,2048
102.748,2048
102.313,2048
101.756,2048
102.892,2048
102.279,2048
102.538,2048
102.168,2048
101.954,2048
102.643,2048
102.26,2048
101.341,2048
102.299,2048
102.11,2048
102.038,2048
102.561,2048
102.611,2048
101.443,2048
101.778,2048
104.137,2048
101.569,2048
103.347,2048
101.387,2048
104.692,2048
101.341,2048
102.322,2048
101.307,2048
103.045,2048
102.288,2048
102.005,2048
102.117,2048
102.646,2048
101.261,2048
102.244,2048
101.794,2048
103.103,2048
101.056,2048
102.794,2048
102.088,2048
102.732,2048
103.184,2048
102.27,2048
101.693,2048
102.076,2048
103.543,2048
102.396,2048
101.82,2048
101.942,2048
102.385,2048
101.958,2048
102.118,2048
101.55,2048
102.064,2048
101.294,2048
101.849,2048
101.825,2048
102.625,2048
101.497,2048
103.672,2048
101.425,2048
103.101,2048
102.378,2048
102.492,2048
103.579,2048
102.133,2048
102.052,2048
101.897,2048
102.533,2048
102.939,2048
100.849,2048
102.542,2048
102.654,2048
102.115,2048
101.374,2048
102.449,2048
101.816,2048
101.918,2048
102.761,2048
101.969,2048
102.941,2048
102.37,2048
103.165,2048
101.778,2048
103.734,2048
101.905,2048
101.038,2048
102.17,2048
102.859,2048
101.294,2048
103.911,2048
101.269,2048
102.481,2048
102.345,2048
102.846,2048
101.977,2048
102.977,2048
102.703,2048
102.223,2048
102.455,2048
101.787,2048
103.977,2048
101.684,2048
102.891,2048
101.938,2048
103.125,2048
100.976,2048
102.31,2048
101.814,2048
101.74,2048
101.758,2048
102.533,2048
106.113,2048
99.3145,2048
102.308,2048
101.806,2048
103.266,2048
102.736,2048
101.771,2048
103.78,2048
101.983,2048
101.694,2048
102.174,2048
102.547,2048
102.427,2048
102.213,2048
101.902,2048
102.376,2048
102.704,2048
101.999,2048
103.046,2048
102.501,2048
103.107,2048
102.853,2048
101.974,2048
103.457,2048
102.365,2048
102.878,2048
102.147,2048
102.351,2048
102.044,2048
102.478,2048
102.551,2048
102.204,2048
102.551,2048
103.481,2048
102.454,2048
101.952,2048
102.732,2048
102.739,2048
103.092,2048
101.866,2048
102.219,2048
102.444,2048
102.833,2048
102.124,2048
102.131,2048
102.698,2048
102.276,2048
101.676,2048
103.537,2048
102.121,2048
102.503,2048
103.057,2048
102.9,2048
101.848,2048
108.204,2048
96.1153,2048
102.146,2048
102.929,2048
102.17,2048
101.345,2048
102.192,2048
102.162,2048
103.348,2048
102.689,2048
105.946,2048
98.3954,2048
102.98,2048
102.356,2048
103.483,2048
102.983,2048
102.656,2048
101.195,2048
103.501,2048
103.29,2048
99.5642,2048
100.603,2048
99.777,2048
100.369,2048
99.3472,2048
101.011,2048
100.655,2048
101.006,2048
98.9686,2048
100.322,2048
101.224,2048
100.994,2048
98.7145,2048
98.6585,2048
98.869,2048
98.7492,2048
99.7882,2048
97.6662,2048
98.0912,2048
97.977,2048
99.2876,2048
100.626,2048
98.8081,2048
99.9335,2048
98.6849,2048
99.0104,2048
98.2443,2048
100.089,2048
99.2699,2048
99.2986,2048
99.3874,2048
100.896,2048
100.186,2048
100.831,2048
101.1,2048
100.375,2048
100.878,2048
99.3972,2048
101.267,2048
99.9342,2048
101.123,2048
101.909,2048
102.63,2048
102.77,2048
102.922,2048
102.033,2048
103.915,2048
101.62,2048
99.772,2048
100.161,2048
100.678,2048
99.8444,2048
100.878,2048
100.305,2048
100.386,2048
100.923,2048
99.7008,2048
100.898,2048
99.9298,2048
100.742,2048
99.7979,2048
100.44,2048
100.152,2048
100.425,2048
99.883,2048
100.197,2048
99.8791,2048
100.736,2048
100.523,2048
100.991,2048
100.018,2048
99.4527,2048
